"","text","lang","listed_count","geo_enabled","statuses_count","followers_count","favourites_count","friends_count","time_zone","country_code","full_name","place_lat","place_lon"
"NA",NA,NA,NA,NA,NA,NA,NA,NA,NA,NA,NA,NA,NA
"NA.1",NA,NA,NA,NA,NA,NA,NA,NA,NA,NA,NA,NA,NA
"NA.2",NA,NA,NA,NA,NA,NA,NA,NA,NA,NA,NA,NA,NA
"NA.3",NA,NA,NA,NA,NA,NA,NA,NA,NA,NA,NA,NA,NA
"NA.4",NA,NA,NA,NA,NA,NA,NA,NA,NA,NA,NA,NA,NA
"NA.5",NA,NA,NA,NA,NA,NA,NA,NA,NA,NA,NA,NA,NA
"NA.6",NA,NA,NA,NA,NA,NA,NA,NA,NA,NA,NA,NA,NA
"NA.7",NA,NA,NA,NA,NA,NA,NA,NA,NA,NA,NA,NA,NA
"NA.8",NA,NA,NA,NA,NA,NA,NA,NA,NA,NA,NA,NA,NA
"NA.9",NA,NA,NA,NA,NA,NA,NA,NA,NA,NA,NA,NA,NA
"NA.10",NA,NA,NA,NA,NA,NA,NA,NA,NA,NA,NA,NA,NA
"NA.11",NA,NA,NA,NA,NA,NA,NA,NA,NA,NA,NA,NA,NA
"NA.12",NA,NA,NA,NA,NA,NA,NA,NA,NA,NA,NA,NA,NA
"NA.13",NA,NA,NA,NA,NA,NA,NA,NA,NA,NA,NA,NA,NA
"NA.14",NA,NA,NA,NA,NA,NA,NA,NA,NA,NA,NA,NA,NA
"NA.15",NA,NA,NA,NA,NA,NA,NA,NA,NA,NA,NA,NA,NA
"NA.16",NA,NA,NA,NA,NA,NA,NA,NA,NA,NA,NA,NA,NA
"NA.17",NA,NA,NA,NA,NA,NA,NA,NA,NA,NA,NA,NA,NA
"NA.18",NA,NA,NA,NA,NA,NA,NA,NA,NA,NA,NA,NA,NA
"NA.19",NA,NA,NA,NA,NA,NA,NA,NA,NA,NA,NA,NA,NA
"NA.20",NA,NA,NA,NA,NA,NA,NA,NA,NA,NA,NA,NA,NA
"NA.21",NA,NA,NA,NA,NA,NA,NA,NA,NA,NA,NA,NA,NA
"NA.22",NA,NA,NA,NA,NA,NA,NA,NA,NA,NA,NA,NA,NA
"NA.23",NA,NA,NA,NA,NA,NA,NA,NA,NA,NA,NA,NA,NA
"NA.24",NA,NA,NA,NA,NA,NA,NA,NA,NA,NA,NA,NA,NA
"NA.25",NA,NA,NA,NA,NA,NA,NA,NA,NA,NA,NA,NA,NA
"NA.26",NA,NA,NA,NA,NA,NA,NA,NA,NA,NA,NA,NA,NA
"NA.27",NA,NA,NA,NA,NA,NA,NA,NA,NA,NA,NA,NA,NA
"NA.28",NA,NA,NA,NA,NA,NA,NA,NA,NA,NA,NA,NA,NA
"NA.29",NA,NA,NA,NA,NA,NA,NA,NA,NA,NA,NA,NA,NA
"NA.30",NA,NA,NA,NA,NA,NA,NA,NA,NA,NA,NA,NA,NA
"NA.31",NA,NA,NA,NA,NA,NA,NA,NA,NA,NA,NA,NA,NA
"NA.32",NA,NA,NA,NA,NA,NA,NA,NA,NA,NA,NA,NA,NA
"NA.33",NA,NA,NA,NA,NA,NA,NA,NA,NA,NA,NA,NA,NA
"NA.34",NA,NA,NA,NA,NA,NA,NA,NA,NA,NA,NA,NA,NA
"NA.35",NA,NA,NA,NA,NA,NA,NA,NA,NA,NA,NA,NA,NA
"NA.36",NA,NA,NA,NA,NA,NA,NA,NA,NA,NA,NA,NA,NA
"NA.37",NA,NA,NA,NA,NA,NA,NA,NA,NA,NA,NA,NA,NA
"NA.38",NA,NA,NA,NA,NA,NA,NA,NA,NA,NA,NA,NA,NA
"NA.39",NA,NA,NA,NA,NA,NA,NA,NA,NA,NA,NA,NA,NA
"NA.40",NA,NA,NA,NA,NA,NA,NA,NA,NA,NA,NA,NA,NA
"NA.41",NA,NA,NA,NA,NA,NA,NA,NA,NA,NA,NA,NA,NA
"NA.42",NA,NA,NA,NA,NA,NA,NA,NA,NA,NA,NA,NA,NA
"NA.43",NA,NA,NA,NA,NA,NA,NA,NA,NA,NA,NA,NA,NA
"NA.44",NA,NA,NA,NA,NA,NA,NA,NA,NA,NA,NA,NA,NA
"NA.45",NA,NA,NA,NA,NA,NA,NA,NA,NA,NA,NA,NA,NA
"NA.46",NA,NA,NA,NA,NA,NA,NA,NA,NA,NA,NA,NA,NA
"NA.47",NA,NA,NA,NA,NA,NA,NA,NA,NA,NA,NA,NA,NA
"NA.48",NA,NA,NA,NA,NA,NA,NA,NA,NA,NA,NA,NA,NA
"NA.49",NA,NA,NA,NA,NA,NA,NA,NA,NA,NA,NA,NA,NA
"NA.50",NA,NA,NA,NA,NA,NA,NA,NA,NA,NA,NA,NA,NA
"NA.51",NA,NA,NA,NA,NA,NA,NA,NA,NA,NA,NA,NA,NA
"NA.52",NA,NA,NA,NA,NA,NA,NA,NA,NA,NA,NA,NA,NA
"NA.53",NA,NA,NA,NA,NA,NA,NA,NA,NA,NA,NA,NA,NA
"NA.54",NA,NA,NA,NA,NA,NA,NA,NA,NA,NA,NA,NA,NA
"NA.55",NA,NA,NA,NA,NA,NA,NA,NA,NA,NA,NA,NA,NA
"NA.56",NA,NA,NA,NA,NA,NA,NA,NA,NA,NA,NA,NA,NA
"NA.57",NA,NA,NA,NA,NA,NA,NA,NA,NA,NA,NA,NA,NA
"NA.58",NA,NA,NA,NA,NA,NA,NA,NA,NA,NA,NA,NA,NA
"NA.59",NA,NA,NA,NA,NA,NA,NA,NA,NA,NA,NA,NA,NA
"NA.60",NA,NA,NA,NA,NA,NA,NA,NA,NA,NA,NA,NA,NA
"NA.61",NA,NA,NA,NA,NA,NA,NA,NA,NA,NA,NA,NA,NA
"NA.62",NA,NA,NA,NA,NA,NA,NA,NA,NA,NA,NA,NA,NA
"NA.63",NA,NA,NA,NA,NA,NA,NA,NA,NA,NA,NA,NA,NA
"NA.64",NA,NA,NA,NA,NA,NA,NA,NA,NA,NA,NA,NA,NA
"NA.65",NA,NA,NA,NA,NA,NA,NA,NA,NA,NA,NA,NA,NA
"NA.66",NA,NA,NA,NA,NA,NA,NA,NA,NA,NA,NA,NA,NA
"72","I‚Äôm disgusted but not surprised https://t.co/iiBuzOX174","en",26,TRUE,190034,5641,12996,2322,"Quito","US","New York, USA",42.746617,-75.770041
"NA.67",NA,NA,NA,NA,NA,NA,NA,NA,NA,NA,NA,NA,NA
"NA.68",NA,NA,NA,NA,NA,NA,NA,NA,NA,NA,NA,NA,NA
"NA.69",NA,NA,NA,NA,NA,NA,NA,NA,NA,NA,NA,NA,NA
"NA.70",NA,NA,NA,NA,NA,NA,NA,NA,NA,NA,NA,NA,NA
"77","E P I C https://t.co/pLHGwCcBra","en",2,TRUE,34113,464,2460,166,"Central Time (US & Canada)","US","Bronx, NY",40.8503475,-73.8494415
"NA.71",NA,NA,NA,NA,NA,NA,NA,NA,NA,NA,NA,NA,NA
"NA.72",NA,NA,NA,NA,NA,NA,NA,NA,NA,NA,NA,NA,NA
"NA.73",NA,NA,NA,NA,NA,NA,NA,NA,NA,NA,NA,NA,NA
"NA.74",NA,NA,NA,NA,NA,NA,NA,NA,NA,NA,NA,NA,NA
"NA.75",NA,NA,NA,NA,NA,NA,NA,NA,NA,NA,NA,NA,NA
"NA.76",NA,NA,NA,NA,NA,NA,NA,NA,NA,NA,NA,NA,NA
"NA.77",NA,NA,NA,NA,NA,NA,NA,NA,NA,NA,NA,NA,NA
"NA.78",NA,NA,NA,NA,NA,NA,NA,NA,NA,NA,NA,NA,NA
"NA.79",NA,NA,NA,NA,NA,NA,NA,NA,NA,NA,NA,NA,NA
"NA.80",NA,NA,NA,NA,NA,NA,NA,NA,NA,NA,NA,NA,NA
"NA.81",NA,NA,NA,NA,NA,NA,NA,NA,NA,NA,NA,NA,NA
"NA.82",NA,NA,NA,NA,NA,NA,NA,NA,NA,NA,NA,NA,NA
"NA.83",NA,NA,NA,NA,NA,NA,NA,NA,NA,NA,NA,NA,NA
"NA.84",NA,NA,NA,NA,NA,NA,NA,NA,NA,NA,NA,NA,NA
"NA.85",NA,NA,NA,NA,NA,NA,NA,NA,NA,NA,NA,NA,NA
"NA.86",NA,NA,NA,NA,NA,NA,NA,NA,NA,NA,NA,NA,NA
"95","Just a couple'a guys bein' dudes #K&amp;AtakeNYC‚Ä¶ https://t.co/Nl6YKpStEG","en",2,TRUE,4749,827,16143,805,NA,"US","Manhattan, NY",40.780709,-73.9685415
"NA.87",NA,NA,NA,NA,NA,NA,NA,NA,NA,NA,NA,NA,NA
"NA.88",NA,NA,NA,NA,NA,NA,NA,NA,NA,NA,NA,NA,NA
"NA.89",NA,NA,NA,NA,NA,NA,NA,NA,NA,NA,NA,NA,NA
"NA.90",NA,NA,NA,NA,NA,NA,NA,NA,NA,NA,NA,NA,NA
"NA.91",NA,NA,NA,NA,NA,NA,NA,NA,NA,NA,NA,NA,NA
"NA.92",NA,NA,NA,NA,NA,NA,NA,NA,NA,NA,NA,NA,NA
"NA.93",NA,NA,NA,NA,NA,NA,NA,NA,NA,NA,NA,NA,NA
"NA.94",NA,NA,NA,NA,NA,NA,NA,NA,NA,NA,NA,NA,NA
"NA.95",NA,NA,NA,NA,NA,NA,NA,NA,NA,NA,NA,NA,NA
"NA.96",NA,NA,NA,NA,NA,NA,NA,NA,NA,NA,NA,NA,NA
"NA.97",NA,NA,NA,NA,NA,NA,NA,NA,NA,NA,NA,NA,NA
"NA.98",NA,NA,NA,NA,NA,NA,NA,NA,NA,NA,NA,NA,NA
"NA.99",NA,NA,NA,NA,NA,NA,NA,NA,NA,NA,NA,NA,NA
"NA.100",NA,NA,NA,NA,NA,NA,NA,NA,NA,NA,NA,NA,NA
"NA.101",NA,NA,NA,NA,NA,NA,NA,NA,NA,NA,NA,NA,NA
"111","Why is LA flu a thing but not New York? @DeAIID","en",18,TRUE,80744,408,81,289,"Eastern Time (US & Canada)","US","Manhattan, NY",40.780709,-73.9685415
"NA.102",NA,NA,NA,NA,NA,NA,NA,NA,NA,NA,NA,NA,NA
"NA.103",NA,NA,NA,NA,NA,NA,NA,NA,NA,NA,NA,NA,NA
"NA.104",NA,NA,NA,NA,NA,NA,NA,NA,NA,NA,NA,NA,NA
"NA.105",NA,NA,NA,NA,NA,NA,NA,NA,NA,NA,NA,NA,NA
"NA.106",NA,NA,NA,NA,NA,NA,NA,NA,NA,NA,NA,NA,NA
"NA.107",NA,NA,NA,NA,NA,NA,NA,NA,NA,NA,NA,NA,NA
"NA.108",NA,NA,NA,NA,NA,NA,NA,NA,NA,NA,NA,NA,NA
"NA.109",NA,NA,NA,NA,NA,NA,NA,NA,NA,NA,NA,NA,NA
"NA.110",NA,NA,NA,NA,NA,NA,NA,NA,NA,NA,NA,NA,NA
"NA.111",NA,NA,NA,NA,NA,NA,NA,NA,NA,NA,NA,NA,NA
"NA.112",NA,NA,NA,NA,NA,NA,NA,NA,NA,NA,NA,NA,NA
"NA.113",NA,NA,NA,NA,NA,NA,NA,NA,NA,NA,NA,NA,NA
"NA.114",NA,NA,NA,NA,NA,NA,NA,NA,NA,NA,NA,NA,NA
"NA.115",NA,NA,NA,NA,NA,NA,NA,NA,NA,NA,NA,NA,NA
"NA.116",NA,NA,NA,NA,NA,NA,NA,NA,NA,NA,NA,NA,NA
"NA.117",NA,NA,NA,NA,NA,NA,NA,NA,NA,NA,NA,NA,NA
"NA.118",NA,NA,NA,NA,NA,NA,NA,NA,NA,NA,NA,NA,NA
"NA.119",NA,NA,NA,NA,NA,NA,NA,NA,NA,NA,NA,NA,NA
"NA.120",NA,NA,NA,NA,NA,NA,NA,NA,NA,NA,NA,NA,NA
"NA.121",NA,NA,NA,NA,NA,NA,NA,NA,NA,NA,NA,NA,NA
"NA.122",NA,NA,NA,NA,NA,NA,NA,NA,NA,NA,NA,NA,NA
"NA.123",NA,NA,NA,NA,NA,NA,NA,NA,NA,NA,NA,NA,NA
"NA.124",NA,NA,NA,NA,NA,NA,NA,NA,NA,NA,NA,NA,NA
"NA.125",NA,NA,NA,NA,NA,NA,NA,NA,NA,NA,NA,NA,NA
"NA.126",NA,NA,NA,NA,NA,NA,NA,NA,NA,NA,NA,NA,NA
"137","Huge victory today for @NYCBIDs in stopping a bad Street Vending bill. In 2018 let‚Äôs pass pass reform that works fo‚Ä¶ https://t.co/A9sPgsaCqq","en",26,TRUE,4695,682,2529,726,"Eastern Time (US & Canada)","US","West New York, NJ",40.787365,-74.0108855
"NA.127",NA,NA,NA,NA,NA,NA,NA,NA,NA,NA,NA,NA,NA
"NA.128",NA,NA,NA,NA,NA,NA,NA,NA,NA,NA,NA,NA,NA
"NA.129",NA,NA,NA,NA,NA,NA,NA,NA,NA,NA,NA,NA,NA
"NA.130",NA,NA,NA,NA,NA,NA,NA,NA,NA,NA,NA,NA,NA
"NA.131",NA,NA,NA,NA,NA,NA,NA,NA,NA,NA,NA,NA,NA
"NA.132",NA,NA,NA,NA,NA,NA,NA,NA,NA,NA,NA,NA,NA
"NA.133",NA,NA,NA,NA,NA,NA,NA,NA,NA,NA,NA,NA,NA
"NA.134",NA,NA,NA,NA,NA,NA,NA,NA,NA,NA,NA,NA,NA
"NA.135",NA,NA,NA,NA,NA,NA,NA,NA,NA,NA,NA,NA,NA
"NA.136",NA,NA,NA,NA,NA,NA,NA,NA,NA,NA,NA,NA,NA
"NA.137",NA,NA,NA,NA,NA,NA,NA,NA,NA,NA,NA,NA,NA
"NA.138",NA,NA,NA,NA,NA,NA,NA,NA,NA,NA,NA,NA,NA
"NA.139",NA,NA,NA,NA,NA,NA,NA,NA,NA,NA,NA,NA,NA
"NA.140",NA,NA,NA,NA,NA,NA,NA,NA,NA,NA,NA,NA,NA
"NA.141",NA,NA,NA,NA,NA,NA,NA,NA,NA,NA,NA,NA,NA
"NA.142",NA,NA,NA,NA,NA,NA,NA,NA,NA,NA,NA,NA,NA
"NA.143",NA,NA,NA,NA,NA,NA,NA,NA,NA,NA,NA,NA,NA
"NA.144",NA,NA,NA,NA,NA,NA,NA,NA,NA,NA,NA,NA,NA
"NA.145",NA,NA,NA,NA,NA,NA,NA,NA,NA,NA,NA,NA,NA
"NA.146",NA,NA,NA,NA,NA,NA,NA,NA,NA,NA,NA,NA,NA
"NA.147",NA,NA,NA,NA,NA,NA,NA,NA,NA,NA,NA,NA,NA
"NA.148",NA,NA,NA,NA,NA,NA,NA,NA,NA,NA,NA,NA,NA
"162","@MelissaLaurenE me rn https://t.co/fjDeEStUEY","en",153,TRUE,2518,9563,851,1412,"Eastern Time (US & Canada)","US","Brooklyn, NY",40.655138,-73.9487755
"NA.149",NA,NA,NA,NA,NA,NA,NA,NA,NA,NA,NA,NA,NA
"NA.150",NA,NA,NA,NA,NA,NA,NA,NA,NA,NA,NA,NA,NA
"NA.151",NA,NA,NA,NA,NA,NA,NA,NA,NA,NA,NA,NA,NA
"NA.152",NA,NA,NA,NA,NA,NA,NA,NA,NA,NA,NA,NA,NA
"NA.153",NA,NA,NA,NA,NA,NA,NA,NA,NA,NA,NA,NA,NA
"169","all these couples keep posting pictures of them going to see Christmas lights &amp; making Gingerbread houses... anothe‚Ä¶ https://t.co/j7zzkXhYlJ","en",0,TRUE,3651,387,7676,748,NA,"US","Edmond, OK",35.695222,-97.455741
"NA.154",NA,NA,NA,NA,NA,NA,NA,NA,NA,NA,NA,NA,NA
"NA.155",NA,NA,NA,NA,NA,NA,NA,NA,NA,NA,NA,NA,NA
"172","Hopefully I get my ass ate for Christmas","en",0,TRUE,15017,285,14850,120,"Pacific Time (US & Canada)","US","Pasadena, TX",29.668301,-95.158936
"NA.156",NA,NA,NA,NA,NA,NA,NA,NA,NA,NA,NA,NA,NA
"NA.157",NA,NA,NA,NA,NA,NA,NA,NA,NA,NA,NA,NA,NA
"NA.158",NA,NA,NA,NA,NA,NA,NA,NA,NA,NA,NA,NA,NA
"NA.159",NA,NA,NA,NA,NA,NA,NA,NA,NA,NA,NA,NA,NA
"NA.160",NA,NA,NA,NA,NA,NA,NA,NA,NA,NA,NA,NA,NA
"NA.161",NA,NA,NA,NA,NA,NA,NA,NA,NA,NA,NA,NA,NA
"NA.162",NA,NA,NA,NA,NA,NA,NA,NA,NA,NA,NA,NA,NA
"NA.163",NA,NA,NA,NA,NA,NA,NA,NA,NA,NA,NA,NA,NA
"NA.164",NA,NA,NA,NA,NA,NA,NA,NA,NA,NA,NA,NA,NA
"NA.165",NA,NA,NA,NA,NA,NA,NA,NA,NA,NA,NA,NA,NA
"NA.166",NA,NA,NA,NA,NA,NA,NA,NA,NA,NA,NA,NA,NA
"NA.167",NA,NA,NA,NA,NA,NA,NA,NA,NA,NA,NA,NA,NA
"187","I guess I‚Äôll go buy cj his Christmas present tomorrow Ì†ΩÌπÑÌ†ΩÌπÑÌ†ΩÌπÑÌ†ΩÌπÑÌ†ΩÌπÑÌ†ΩÌπÑ","en",10,TRUE,45413,1517,10853,1509,"Eastern Time (US & Canada)","US","Louisiana, USA",30.937336,-91.4010085
"188","@G_Eazy is a real one , thanks for always being so chillÌ†ΩÌπÇÌ†ΩÌ≤õ https://t.co/scBxmnJuOX","en",34,TRUE,117135,11329,59524,7698,"Eastern Time (US & Canada)","US","Sony Square NYC",40.742302,-73.986669
"NA.168",NA,NA,NA,NA,NA,NA,NA,NA,NA,NA,NA,NA,NA
"NA.169",NA,NA,NA,NA,NA,NA,NA,NA,NA,NA,NA,NA,NA
"NA.170",NA,NA,NA,NA,NA,NA,NA,NA,NA,NA,NA,NA,NA
"NA.171",NA,NA,NA,NA,NA,NA,NA,NA,NA,NA,NA,NA,NA
"NA.172",NA,NA,NA,NA,NA,NA,NA,NA,NA,NA,NA,NA,NA
"NA.173",NA,NA,NA,NA,NA,NA,NA,NA,NA,NA,NA,NA,NA
"NA.174",NA,NA,NA,NA,NA,NA,NA,NA,NA,NA,NA,NA,NA
"NA.175",NA,NA,NA,NA,NA,NA,NA,NA,NA,NA,NA,NA,NA
"NA.176",NA,NA,NA,NA,NA,NA,NA,NA,NA,NA,NA,NA,NA
"NA.177",NA,NA,NA,NA,NA,NA,NA,NA,NA,NA,NA,NA,NA
"NA.178",NA,NA,NA,NA,NA,NA,NA,NA,NA,NA,NA,NA,NA
"NA.179",NA,NA,NA,NA,NA,NA,NA,NA,NA,NA,NA,NA,NA
"NA.180",NA,NA,NA,NA,NA,NA,NA,NA,NA,NA,NA,NA,NA
"NA.181",NA,NA,NA,NA,NA,NA,NA,NA,NA,NA,NA,NA,NA
"NA.182",NA,NA,NA,NA,NA,NA,NA,NA,NA,NA,NA,NA,NA
"NA.183",NA,NA,NA,NA,NA,NA,NA,NA,NA,NA,NA,NA,NA
"NA.184",NA,NA,NA,NA,NA,NA,NA,NA,NA,NA,NA,NA,NA
"NA.185",NA,NA,NA,NA,NA,NA,NA,NA,NA,NA,NA,NA,NA
"NA.186",NA,NA,NA,NA,NA,NA,NA,NA,NA,NA,NA,NA,NA
"NA.187",NA,NA,NA,NA,NA,NA,NA,NA,NA,NA,NA,NA,NA
"NA.188",NA,NA,NA,NA,NA,NA,NA,NA,NA,NA,NA,NA,NA
"NA.189",NA,NA,NA,NA,NA,NA,NA,NA,NA,NA,NA,NA,NA
"NA.190",NA,NA,NA,NA,NA,NA,NA,NA,NA,NA,NA,NA,NA
"NA.191",NA,NA,NA,NA,NA,NA,NA,NA,NA,NA,NA,NA,NA
"NA.192",NA,NA,NA,NA,NA,NA,NA,NA,NA,NA,NA,NA,NA
"NA.193",NA,NA,NA,NA,NA,NA,NA,NA,NA,NA,NA,NA,NA
"NA.194",NA,NA,NA,NA,NA,NA,NA,NA,NA,NA,NA,NA,NA
"NA.195",NA,NA,NA,NA,NA,NA,NA,NA,NA,NA,NA,NA,NA
"NA.196",NA,NA,NA,NA,NA,NA,NA,NA,NA,NA,NA,NA,NA
"NA.197",NA,NA,NA,NA,NA,NA,NA,NA,NA,NA,NA,NA,NA
"NA.198",NA,NA,NA,NA,NA,NA,NA,NA,NA,NA,NA,NA,NA
"NA.199",NA,NA,NA,NA,NA,NA,NA,NA,NA,NA,NA,NA,NA
"NA.200",NA,NA,NA,NA,NA,NA,NA,NA,NA,NA,NA,NA,NA
"NA.201",NA,NA,NA,NA,NA,NA,NA,NA,NA,NA,NA,NA,NA
"NA.202",NA,NA,NA,NA,NA,NA,NA,NA,NA,NA,NA,NA,NA
"NA.203",NA,NA,NA,NA,NA,NA,NA,NA,NA,NA,NA,NA,NA
"NA.204",NA,NA,NA,NA,NA,NA,NA,NA,NA,NA,NA,NA,NA
"NA.205",NA,NA,NA,NA,NA,NA,NA,NA,NA,NA,NA,NA,NA
"NA.206",NA,NA,NA,NA,NA,NA,NA,NA,NA,NA,NA,NA,NA
"NA.207",NA,NA,NA,NA,NA,NA,NA,NA,NA,NA,NA,NA,NA
"233","Hey @Mariska, The Rams invite you to Rose Hill Wed 7pm to see your #10 UCLA Bruins.  We have your courtside seats! https://t.co/rWpvCKXHaM","en",15,TRUE,5989,2134,3924,516,"Quito","US","Bronx, NY",40.8503475,-73.8494415
"NA.208",NA,NA,NA,NA,NA,NA,NA,NA,NA,NA,NA,NA,NA
"NA.209",NA,NA,NA,NA,NA,NA,NA,NA,NA,NA,NA,NA,NA
"NA.210",NA,NA,NA,NA,NA,NA,NA,NA,NA,NA,NA,NA,NA
"237","I swear boys favorite thing to say is ‚Äú bitches ain‚Äôt shit ‚Äú once a girl do them dirty Ì†ΩÌπÑ but you stay goin to the w‚Ä¶ https://t.co/uzFu8Q33T4","en",0,TRUE,3206,965,6603,3502,NA,"US","Brooklyn, NY",40.655138,-73.9487755
"NA.211",NA,NA,NA,NA,NA,NA,NA,NA,NA,NA,NA,NA,NA
"NA.212",NA,NA,NA,NA,NA,NA,NA,NA,NA,NA,NA,NA,NA
"NA.213",NA,NA,NA,NA,NA,NA,NA,NA,NA,NA,NA,NA,NA
"NA.214",NA,NA,NA,NA,NA,NA,NA,NA,NA,NA,NA,NA,NA
"NA.215",NA,NA,NA,NA,NA,NA,NA,NA,NA,NA,NA,NA,NA
"NA.216",NA,NA,NA,NA,NA,NA,NA,NA,NA,NA,NA,NA,NA
"NA.217",NA,NA,NA,NA,NA,NA,NA,NA,NA,NA,NA,NA,NA
"NA.218",NA,NA,NA,NA,NA,NA,NA,NA,NA,NA,NA,NA,NA
"NA.219",NA,NA,NA,NA,NA,NA,NA,NA,NA,NA,NA,NA,NA
"NA.220",NA,NA,NA,NA,NA,NA,NA,NA,NA,NA,NA,NA,NA
"NA.221",NA,NA,NA,NA,NA,NA,NA,NA,NA,NA,NA,NA,NA
"NA.222",NA,NA,NA,NA,NA,NA,NA,NA,NA,NA,NA,NA,NA
"NA.223",NA,NA,NA,NA,NA,NA,NA,NA,NA,NA,NA,NA,NA
"NA.224",NA,NA,NA,NA,NA,NA,NA,NA,NA,NA,NA,NA,NA
"NA.225",NA,NA,NA,NA,NA,NA,NA,NA,NA,NA,NA,NA,NA
"NA.226",NA,NA,NA,NA,NA,NA,NA,NA,NA,NA,NA,NA,NA
"NA.227",NA,NA,NA,NA,NA,NA,NA,NA,NA,NA,NA,NA,NA
"NA.228",NA,NA,NA,NA,NA,NA,NA,NA,NA,NA,NA,NA,NA
"NA.229",NA,NA,NA,NA,NA,NA,NA,NA,NA,NA,NA,NA,NA
"NA.230",NA,NA,NA,NA,NA,NA,NA,NA,NA,NA,NA,NA,NA
"NA.231",NA,NA,NA,NA,NA,NA,NA,NA,NA,NA,NA,NA,NA
"NA.232",NA,NA,NA,NA,NA,NA,NA,NA,NA,NA,NA,NA,NA
"NA.233",NA,NA,NA,NA,NA,NA,NA,NA,NA,NA,NA,NA,NA
"NA.234",NA,NA,NA,NA,NA,NA,NA,NA,NA,NA,NA,NA,NA
"NA.235",NA,NA,NA,NA,NA,NA,NA,NA,NA,NA,NA,NA,NA
"NA.236",NA,NA,NA,NA,NA,NA,NA,NA,NA,NA,NA,NA,NA
"NA.237",NA,NA,NA,NA,NA,NA,NA,NA,NA,NA,NA,NA,NA
"NA.238",NA,NA,NA,NA,NA,NA,NA,NA,NA,NA,NA,NA,NA
"NA.239",NA,NA,NA,NA,NA,NA,NA,NA,NA,NA,NA,NA,NA
"NA.240",NA,NA,NA,NA,NA,NA,NA,NA,NA,NA,NA,NA,NA
"NA.241",NA,NA,NA,NA,NA,NA,NA,NA,NA,NA,NA,NA,NA
"NA.242",NA,NA,NA,NA,NA,NA,NA,NA,NA,NA,NA,NA,NA
"NA.243",NA,NA,NA,NA,NA,NA,NA,NA,NA,NA,NA,NA,NA
"NA.244",NA,NA,NA,NA,NA,NA,NA,NA,NA,NA,NA,NA,NA
"NA.245",NA,NA,NA,NA,NA,NA,NA,NA,NA,NA,NA,NA,NA
"NA.246",NA,NA,NA,NA,NA,NA,NA,NA,NA,NA,NA,NA,NA
"NA.247",NA,NA,NA,NA,NA,NA,NA,NA,NA,NA,NA,NA,NA
"NA.248",NA,NA,NA,NA,NA,NA,NA,NA,NA,NA,NA,NA,NA
"282","@AllahUrdon @xhildasouidx Omw I gotta take a selfie with my favorite Jordanian","en",12,TRUE,23770,796,10298,601,"Eastern Time (US & Canada)","US","Manhattan, NY",40.780709,-73.9685415
"NA.249",NA,NA,NA,NA,NA,NA,NA,NA,NA,NA,NA,NA,NA
"NA.250",NA,NA,NA,NA,NA,NA,NA,NA,NA,NA,NA,NA,NA
"NA.251",NA,NA,NA,NA,NA,NA,NA,NA,NA,NA,NA,NA,NA
"NA.252",NA,NA,NA,NA,NA,NA,NA,NA,NA,NA,NA,NA,NA
"NA.253",NA,NA,NA,NA,NA,NA,NA,NA,NA,NA,NA,NA,NA
"NA.254",NA,NA,NA,NA,NA,NA,NA,NA,NA,NA,NA,NA,NA
"NA.255",NA,NA,NA,NA,NA,NA,NA,NA,NA,NA,NA,NA,NA
"NA.256",NA,NA,NA,NA,NA,NA,NA,NA,NA,NA,NA,NA,NA
"NA.257",NA,NA,NA,NA,NA,NA,NA,NA,NA,NA,NA,NA,NA
"NA.258",NA,NA,NA,NA,NA,NA,NA,NA,NA,NA,NA,NA,NA
"NA.259",NA,NA,NA,NA,NA,NA,NA,NA,NA,NA,NA,NA,NA
"NA.260",NA,NA,NA,NA,NA,NA,NA,NA,NA,NA,NA,NA,NA
"NA.261",NA,NA,NA,NA,NA,NA,NA,NA,NA,NA,NA,NA,NA
"NA.262",NA,NA,NA,NA,NA,NA,NA,NA,NA,NA,NA,NA,NA
"NA.263",NA,NA,NA,NA,NA,NA,NA,NA,NA,NA,NA,NA,NA
"NA.264",NA,NA,NA,NA,NA,NA,NA,NA,NA,NA,NA,NA,NA
"NA.265",NA,NA,NA,NA,NA,NA,NA,NA,NA,NA,NA,NA,NA
"NA.266",NA,NA,NA,NA,NA,NA,NA,NA,NA,NA,NA,NA,NA
"NA.267",NA,NA,NA,NA,NA,NA,NA,NA,NA,NA,NA,NA,NA
"NA.268",NA,NA,NA,NA,NA,NA,NA,NA,NA,NA,NA,NA,NA
"NA.269",NA,NA,NA,NA,NA,NA,NA,NA,NA,NA,NA,NA,NA
"NA.270",NA,NA,NA,NA,NA,NA,NA,NA,NA,NA,NA,NA,NA
"305","have merthy https://t.co/ICskjoRgXN","en",18,TRUE,8003,618,3705,839,"Atlantic Time (Canada)","US","Brooklyn, NY",40.655138,-73.9487755
"NA.271",NA,NA,NA,NA,NA,NA,NA,NA,NA,NA,NA,NA,NA
"NA.272",NA,NA,NA,NA,NA,NA,NA,NA,NA,NA,NA,NA,NA
"NA.273",NA,NA,NA,NA,NA,NA,NA,NA,NA,NA,NA,NA,NA
"NA.274",NA,NA,NA,NA,NA,NA,NA,NA,NA,NA,NA,NA,NA
"NA.275",NA,NA,NA,NA,NA,NA,NA,NA,NA,NA,NA,NA,NA
"NA.276",NA,NA,NA,NA,NA,NA,NA,NA,NA,NA,NA,NA,NA
"NA.277",NA,NA,NA,NA,NA,NA,NA,NA,NA,NA,NA,NA,NA
"NA.278",NA,NA,NA,NA,NA,NA,NA,NA,NA,NA,NA,NA,NA
"NA.279",NA,NA,NA,NA,NA,NA,NA,NA,NA,NA,NA,NA,NA
"NA.280",NA,NA,NA,NA,NA,NA,NA,NA,NA,NA,NA,NA,NA
"NA.281",NA,NA,NA,NA,NA,NA,NA,NA,NA,NA,NA,NA,NA
"NA.282",NA,NA,NA,NA,NA,NA,NA,NA,NA,NA,NA,NA,NA
"NA.283",NA,NA,NA,NA,NA,NA,NA,NA,NA,NA,NA,NA,NA
"NA.284",NA,NA,NA,NA,NA,NA,NA,NA,NA,NA,NA,NA,NA
"NA.285",NA,NA,NA,NA,NA,NA,NA,NA,NA,NA,NA,NA,NA
"NA.286",NA,NA,NA,NA,NA,NA,NA,NA,NA,NA,NA,NA,NA
"NA.287",NA,NA,NA,NA,NA,NA,NA,NA,NA,NA,NA,NA,NA
"NA.288",NA,NA,NA,NA,NA,NA,NA,NA,NA,NA,NA,NA,NA
"NA.289",NA,NA,NA,NA,NA,NA,NA,NA,NA,NA,NA,NA,NA
"NA.290",NA,NA,NA,NA,NA,NA,NA,NA,NA,NA,NA,NA,NA
"NA.291",NA,NA,NA,NA,NA,NA,NA,NA,NA,NA,NA,NA,NA
"NA.292",NA,NA,NA,NA,NA,NA,NA,NA,NA,NA,NA,NA,NA
"NA.293",NA,NA,NA,NA,NA,NA,NA,NA,NA,NA,NA,NA,NA
"332","@mrjaxtaylor @FriendsTV What about Mona? Ugh.","en",11,TRUE,4199,554,2085,2052,"Quito","US","Manhattan, NY",40.780709,-73.9685415
"NA.294",NA,NA,NA,NA,NA,NA,NA,NA,NA,NA,NA,NA,NA
"NA.295",NA,NA,NA,NA,NA,NA,NA,NA,NA,NA,NA,NA,NA
"NA.296",NA,NA,NA,NA,NA,NA,NA,NA,NA,NA,NA,NA,NA
"NA.297",NA,NA,NA,NA,NA,NA,NA,NA,NA,NA,NA,NA,NA
"NA.298",NA,NA,NA,NA,NA,NA,NA,NA,NA,NA,NA,NA,NA
"NA.299",NA,NA,NA,NA,NA,NA,NA,NA,NA,NA,NA,NA,NA
"NA.300",NA,NA,NA,NA,NA,NA,NA,NA,NA,NA,NA,NA,NA
"NA.301",NA,NA,NA,NA,NA,NA,NA,NA,NA,NA,NA,NA,NA
"NA.302",NA,NA,NA,NA,NA,NA,NA,NA,NA,NA,NA,NA,NA
"NA.303",NA,NA,NA,NA,NA,NA,NA,NA,NA,NA,NA,NA,NA
"NA.304",NA,NA,NA,NA,NA,NA,NA,NA,NA,NA,NA,NA,NA
"NA.305",NA,NA,NA,NA,NA,NA,NA,NA,NA,NA,NA,NA,NA
"NA.306",NA,NA,NA,NA,NA,NA,NA,NA,NA,NA,NA,NA,NA
"NA.307",NA,NA,NA,NA,NA,NA,NA,NA,NA,NA,NA,NA,NA
"NA.308",NA,NA,NA,NA,NA,NA,NA,NA,NA,NA,NA,NA,NA
"NA.309",NA,NA,NA,NA,NA,NA,NA,NA,NA,NA,NA,NA,NA
"NA.310",NA,NA,NA,NA,NA,NA,NA,NA,NA,NA,NA,NA,NA
"NA.311",NA,NA,NA,NA,NA,NA,NA,NA,NA,NA,NA,NA,NA
"NA.312",NA,NA,NA,NA,NA,NA,NA,NA,NA,NA,NA,NA,NA
"NA.313",NA,NA,NA,NA,NA,NA,NA,NA,NA,NA,NA,NA,NA
"NA.314",NA,NA,NA,NA,NA,NA,NA,NA,NA,NA,NA,NA,NA
"NA.315",NA,NA,NA,NA,NA,NA,NA,NA,NA,NA,NA,NA,NA
"NA.316",NA,NA,NA,NA,NA,NA,NA,NA,NA,NA,NA,NA,NA
"NA.317",NA,NA,NA,NA,NA,NA,NA,NA,NA,NA,NA,NA,NA
"NA.318",NA,NA,NA,NA,NA,NA,NA,NA,NA,NA,NA,NA,NA
"NA.319",NA,NA,NA,NA,NA,NA,NA,NA,NA,NA,NA,NA,NA
"NA.320",NA,NA,NA,NA,NA,NA,NA,NA,NA,NA,NA,NA,NA
"NA.321",NA,NA,NA,NA,NA,NA,NA,NA,NA,NA,NA,NA,NA
"NA.322",NA,NA,NA,NA,NA,NA,NA,NA,NA,NA,NA,NA,NA
"NA.323",NA,NA,NA,NA,NA,NA,NA,NA,NA,NA,NA,NA,NA
"NA.324",NA,NA,NA,NA,NA,NA,NA,NA,NA,NA,NA,NA,NA
"NA.325",NA,NA,NA,NA,NA,NA,NA,NA,NA,NA,NA,NA,NA
"367","no christmas wish list item will ever top the ‚Äúbody bag with a sparkly pink cat on the front‚Äù in which the child me‚Ä¶ https://t.co/xuQ5loRLay","en",0,TRUE,344,19,424,48,NA,"US","Opelousas, LA",30.5286,-92.101762
"NA.326",NA,NA,NA,NA,NA,NA,NA,NA,NA,NA,NA,NA,NA
"NA.327",NA,NA,NA,NA,NA,NA,NA,NA,NA,NA,NA,NA,NA
"NA.328",NA,NA,NA,NA,NA,NA,NA,NA,NA,NA,NA,NA,NA
"NA.329",NA,NA,NA,NA,NA,NA,NA,NA,NA,NA,NA,NA,NA
"NA.330",NA,NA,NA,NA,NA,NA,NA,NA,NA,NA,NA,NA,NA
"NA.331",NA,NA,NA,NA,NA,NA,NA,NA,NA,NA,NA,NA,NA
"NA.332",NA,NA,NA,NA,NA,NA,NA,NA,NA,NA,NA,NA,NA
"NA.333",NA,NA,NA,NA,NA,NA,NA,NA,NA,NA,NA,NA,NA
"NA.334",NA,NA,NA,NA,NA,NA,NA,NA,NA,NA,NA,NA,NA
"NA.335",NA,NA,NA,NA,NA,NA,NA,NA,NA,NA,NA,NA,NA
"NA.336",NA,NA,NA,NA,NA,NA,NA,NA,NA,NA,NA,NA,NA
"NA.337",NA,NA,NA,NA,NA,NA,NA,NA,NA,NA,NA,NA,NA
"NA.338",NA,NA,NA,NA,NA,NA,NA,NA,NA,NA,NA,NA,NA
"NA.339",NA,NA,NA,NA,NA,NA,NA,NA,NA,NA,NA,NA,NA
"NA.340",NA,NA,NA,NA,NA,NA,NA,NA,NA,NA,NA,NA,NA
"NA.341",NA,NA,NA,NA,NA,NA,NA,NA,NA,NA,NA,NA,NA
"NA.342",NA,NA,NA,NA,NA,NA,NA,NA,NA,NA,NA,NA,NA
"NA.343",NA,NA,NA,NA,NA,NA,NA,NA,NA,NA,NA,NA,NA
"NA.344",NA,NA,NA,NA,NA,NA,NA,NA,NA,NA,NA,NA,NA
"NA.345",NA,NA,NA,NA,NA,NA,NA,NA,NA,NA,NA,NA,NA
"NA.346",NA,NA,NA,NA,NA,NA,NA,NA,NA,NA,NA,NA,NA
"NA.347",NA,NA,NA,NA,NA,NA,NA,NA,NA,NA,NA,NA,NA
"NA.348",NA,NA,NA,NA,NA,NA,NA,NA,NA,NA,NA,NA,NA
"NA.349",NA,NA,NA,NA,NA,NA,NA,NA,NA,NA,NA,NA,NA
"NA.350",NA,NA,NA,NA,NA,NA,NA,NA,NA,NA,NA,NA,NA
"NA.351",NA,NA,NA,NA,NA,NA,NA,NA,NA,NA,NA,NA,NA
"NA.352",NA,NA,NA,NA,NA,NA,NA,NA,NA,NA,NA,NA,NA
"NA.353",NA,NA,NA,NA,NA,NA,NA,NA,NA,NA,NA,NA,NA
"NA.354",NA,NA,NA,NA,NA,NA,NA,NA,NA,NA,NA,NA,NA
"NA.355",NA,NA,NA,NA,NA,NA,NA,NA,NA,NA,NA,NA,NA
"NA.356",NA,NA,NA,NA,NA,NA,NA,NA,NA,NA,NA,NA,NA
"NA.357",NA,NA,NA,NA,NA,NA,NA,NA,NA,NA,NA,NA,NA
"NA.358",NA,NA,NA,NA,NA,NA,NA,NA,NA,NA,NA,NA,NA
"402","@jay_or_joel Still a significant problem. How are safeties supposed to stop plays if they cant break up the pass with their hands?","en",89,TRUE,77934,2993,1034,513,"Quito","US","Manhattan, NY",40.780709,-73.9685415
"NA.359",NA,NA,NA,NA,NA,NA,NA,NA,NA,NA,NA,NA,NA
"NA.360",NA,NA,NA,NA,NA,NA,NA,NA,NA,NA,NA,NA,NA
"NA.361",NA,NA,NA,NA,NA,NA,NA,NA,NA,NA,NA,NA,NA
"NA.362",NA,NA,NA,NA,NA,NA,NA,NA,NA,NA,NA,NA,NA
"NA.363",NA,NA,NA,NA,NA,NA,NA,NA,NA,NA,NA,NA,NA
"NA.364",NA,NA,NA,NA,NA,NA,NA,NA,NA,NA,NA,NA,NA
"NA.365",NA,NA,NA,NA,NA,NA,NA,NA,NA,NA,NA,NA,NA
"NA.366",NA,NA,NA,NA,NA,NA,NA,NA,NA,NA,NA,NA,NA
"NA.367",NA,NA,NA,NA,NA,NA,NA,NA,NA,NA,NA,NA,NA
"NA.368",NA,NA,NA,NA,NA,NA,NA,NA,NA,NA,NA,NA,NA
"NA.369",NA,NA,NA,NA,NA,NA,NA,NA,NA,NA,NA,NA,NA
"NA.370",NA,NA,NA,NA,NA,NA,NA,NA,NA,NA,NA,NA,NA
"NA.371",NA,NA,NA,NA,NA,NA,NA,NA,NA,NA,NA,NA,NA
"NA.372",NA,NA,NA,NA,NA,NA,NA,NA,NA,NA,NA,NA,NA
"NA.373",NA,NA,NA,NA,NA,NA,NA,NA,NA,NA,NA,NA,NA
"NA.374",NA,NA,NA,NA,NA,NA,NA,NA,NA,NA,NA,NA,NA
"NA.375",NA,NA,NA,NA,NA,NA,NA,NA,NA,NA,NA,NA,NA
"NA.376",NA,NA,NA,NA,NA,NA,NA,NA,NA,NA,NA,NA,NA
"NA.377",NA,NA,NA,NA,NA,NA,NA,NA,NA,NA,NA,NA,NA
"NA.378",NA,NA,NA,NA,NA,NA,NA,NA,NA,NA,NA,NA,NA
"NA.379",NA,NA,NA,NA,NA,NA,NA,NA,NA,NA,NA,NA,NA
"NA.380",NA,NA,NA,NA,NA,NA,NA,NA,NA,NA,NA,NA,NA
"NA.381",NA,NA,NA,NA,NA,NA,NA,NA,NA,NA,NA,NA,NA
"NA.382",NA,NA,NA,NA,NA,NA,NA,NA,NA,NA,NA,NA,NA
"NA.383",NA,NA,NA,NA,NA,NA,NA,NA,NA,NA,NA,NA,NA
"NA.384",NA,NA,NA,NA,NA,NA,NA,NA,NA,NA,NA,NA,NA
"NA.385",NA,NA,NA,NA,NA,NA,NA,NA,NA,NA,NA,NA,NA
"NA.386",NA,NA,NA,NA,NA,NA,NA,NA,NA,NA,NA,NA,NA
"NA.387",NA,NA,NA,NA,NA,NA,NA,NA,NA,NA,NA,NA,NA
"NA.388",NA,NA,NA,NA,NA,NA,NA,NA,NA,NA,NA,NA,NA
"NA.389",NA,NA,NA,NA,NA,NA,NA,NA,NA,NA,NA,NA,NA
"434","Bulls about to trade NikolaÌ†æÌ¥¶Ì†ºÌøæ‚Äç‚ôÇÔ∏è https://t.co/ticUzrPAEl","en",3,TRUE,17934,210,12540,121,NA,"US","Brooklyn, NY",40.655138,-73.9487755
"NA.390",NA,NA,NA,NA,NA,NA,NA,NA,NA,NA,NA,NA,NA
"NA.391",NA,NA,NA,NA,NA,NA,NA,NA,NA,NA,NA,NA,NA
"NA.392",NA,NA,NA,NA,NA,NA,NA,NA,NA,NA,NA,NA,NA
"NA.393",NA,NA,NA,NA,NA,NA,NA,NA,NA,NA,NA,NA,NA
"NA.394",NA,NA,NA,NA,NA,NA,NA,NA,NA,NA,NA,NA,NA
"NA.395",NA,NA,NA,NA,NA,NA,NA,NA,NA,NA,NA,NA,NA
"NA.396",NA,NA,NA,NA,NA,NA,NA,NA,NA,NA,NA,NA,NA
"NA.397",NA,NA,NA,NA,NA,NA,NA,NA,NA,NA,NA,NA,NA
"NA.398",NA,NA,NA,NA,NA,NA,NA,NA,NA,NA,NA,NA,NA
"NA.399",NA,NA,NA,NA,NA,NA,NA,NA,NA,NA,NA,NA,NA
"NA.400",NA,NA,NA,NA,NA,NA,NA,NA,NA,NA,NA,NA,NA
"NA.401",NA,NA,NA,NA,NA,NA,NA,NA,NA,NA,NA,NA,NA
"NA.402",NA,NA,NA,NA,NA,NA,NA,NA,NA,NA,NA,NA,NA
"NA.403",NA,NA,NA,NA,NA,NA,NA,NA,NA,NA,NA,NA,NA
"NA.404",NA,NA,NA,NA,NA,NA,NA,NA,NA,NA,NA,NA,NA
"NA.405",NA,NA,NA,NA,NA,NA,NA,NA,NA,NA,NA,NA,NA
"NA.406",NA,NA,NA,NA,NA,NA,NA,NA,NA,NA,NA,NA,NA
"NA.407",NA,NA,NA,NA,NA,NA,NA,NA,NA,NA,NA,NA,NA
"NA.408",NA,NA,NA,NA,NA,NA,NA,NA,NA,NA,NA,NA,NA
"NA.409",NA,NA,NA,NA,NA,NA,NA,NA,NA,NA,NA,NA,NA
"NA.410",NA,NA,NA,NA,NA,NA,NA,NA,NA,NA,NA,NA,NA
"NA.411",NA,NA,NA,NA,NA,NA,NA,NA,NA,NA,NA,NA,NA
"NA.412",NA,NA,NA,NA,NA,NA,NA,NA,NA,NA,NA,NA,NA
"NA.413",NA,NA,NA,NA,NA,NA,NA,NA,NA,NA,NA,NA,NA
"NA.414",NA,NA,NA,NA,NA,NA,NA,NA,NA,NA,NA,NA,NA
"NA.415",NA,NA,NA,NA,NA,NA,NA,NA,NA,NA,NA,NA,NA
"NA.416",NA,NA,NA,NA,NA,NA,NA,NA,NA,NA,NA,NA,NA
"NA.417",NA,NA,NA,NA,NA,NA,NA,NA,NA,NA,NA,NA,NA
"NA.418",NA,NA,NA,NA,NA,NA,NA,NA,NA,NA,NA,NA,NA
"NA.419",NA,NA,NA,NA,NA,NA,NA,NA,NA,NA,NA,NA,NA
"NA.420",NA,NA,NA,NA,NA,NA,NA,NA,NA,NA,NA,NA,NA
"NA.421",NA,NA,NA,NA,NA,NA,NA,NA,NA,NA,NA,NA,NA
"NA.422",NA,NA,NA,NA,NA,NA,NA,NA,NA,NA,NA,NA,NA
"NA.423",NA,NA,NA,NA,NA,NA,NA,NA,NA,NA,NA,NA,NA
"NA.424",NA,NA,NA,NA,NA,NA,NA,NA,NA,NA,NA,NA,NA
"NA.425",NA,NA,NA,NA,NA,NA,NA,NA,NA,NA,NA,NA,NA
"NA.426",NA,NA,NA,NA,NA,NA,NA,NA,NA,NA,NA,NA,NA
"NA.427",NA,NA,NA,NA,NA,NA,NA,NA,NA,NA,NA,NA,NA
"NA.428",NA,NA,NA,NA,NA,NA,NA,NA,NA,NA,NA,NA,NA
"NA.429",NA,NA,NA,NA,NA,NA,NA,NA,NA,NA,NA,NA,NA
"NA.430",NA,NA,NA,NA,NA,NA,NA,NA,NA,NA,NA,NA,NA
"NA.431",NA,NA,NA,NA,NA,NA,NA,NA,NA,NA,NA,NA,NA
"NA.432",NA,NA,NA,NA,NA,NA,NA,NA,NA,NA,NA,NA,NA
"NA.433",NA,NA,NA,NA,NA,NA,NA,NA,NA,NA,NA,NA,NA
"NA.434",NA,NA,NA,NA,NA,NA,NA,NA,NA,NA,NA,NA,NA
"NA.435",NA,NA,NA,NA,NA,NA,NA,NA,NA,NA,NA,NA,NA
"NA.436",NA,NA,NA,NA,NA,NA,NA,NA,NA,NA,NA,NA,NA
"NA.437",NA,NA,NA,NA,NA,NA,NA,NA,NA,NA,NA,NA,NA
"NA.438",NA,NA,NA,NA,NA,NA,NA,NA,NA,NA,NA,NA,NA
"NA.439",NA,NA,NA,NA,NA,NA,NA,NA,NA,NA,NA,NA,NA
"NA.440",NA,NA,NA,NA,NA,NA,NA,NA,NA,NA,NA,NA,NA
"NA.441",NA,NA,NA,NA,NA,NA,NA,NA,NA,NA,NA,NA,NA
"NA.442",NA,NA,NA,NA,NA,NA,NA,NA,NA,NA,NA,NA,NA
"NA.443",NA,NA,NA,NA,NA,NA,NA,NA,NA,NA,NA,NA,NA
"NA.444",NA,NA,NA,NA,NA,NA,NA,NA,NA,NA,NA,NA,NA
"NA.445",NA,NA,NA,NA,NA,NA,NA,NA,NA,NA,NA,NA,NA
"NA.446",NA,NA,NA,NA,NA,NA,NA,NA,NA,NA,NA,NA,NA
"NA.447",NA,NA,NA,NA,NA,NA,NA,NA,NA,NA,NA,NA,NA
"NA.448",NA,NA,NA,NA,NA,NA,NA,NA,NA,NA,NA,NA,NA
"NA.449",NA,NA,NA,NA,NA,NA,NA,NA,NA,NA,NA,NA,NA
"504","I‚Äôm ready to go see my family so when can Watch Christmas Ì†ºÌæÑ movies in our PJ‚Äôs under the fireplace Ì†ΩÌ¥• while drinking‚Ä¶ https://t.co/u683Tvetl7","en",0,TRUE,434,247,756,920,NA,"US","Memphis, TN",35.1335205,-89.922029
"NA.450",NA,NA,NA,NA,NA,NA,NA,NA,NA,NA,NA,NA,NA
"NA.451",NA,NA,NA,NA,NA,NA,NA,NA,NA,NA,NA,NA,NA
"NA.452",NA,NA,NA,NA,NA,NA,NA,NA,NA,NA,NA,NA,NA
"NA.453",NA,NA,NA,NA,NA,NA,NA,NA,NA,NA,NA,NA,NA
"NA.454",NA,NA,NA,NA,NA,NA,NA,NA,NA,NA,NA,NA,NA
"510","@SportsTweet89 Yo I‚Äôll do whatever you want if I get another beer man","en",38,TRUE,66986,1730,3817,2148,"Quito","US","Manhattan, NY",40.780709,-73.9685415
"511","Sounds like he leads a really happy life. https://t.co/Qkal1zGrHI","en",16,TRUE,10427,213,10003,588,"Quito","US","Wesley Chapel, NC",34.9956215,-80.676074
"NA.455",NA,NA,NA,NA,NA,NA,NA,NA,NA,NA,NA,NA,NA
"NA.456",NA,NA,NA,NA,NA,NA,NA,NA,NA,NA,NA,NA,NA
"NA.457",NA,NA,NA,NA,NA,NA,NA,NA,NA,NA,NA,NA,NA
"NA.458",NA,NA,NA,NA,NA,NA,NA,NA,NA,NA,NA,NA,NA
"NA.459",NA,NA,NA,NA,NA,NA,NA,NA,NA,NA,NA,NA,NA
"NA.460",NA,NA,NA,NA,NA,NA,NA,NA,NA,NA,NA,NA,NA
"NA.461",NA,NA,NA,NA,NA,NA,NA,NA,NA,NA,NA,NA,NA
"NA.462",NA,NA,NA,NA,NA,NA,NA,NA,NA,NA,NA,NA,NA
"NA.463",NA,NA,NA,NA,NA,NA,NA,NA,NA,NA,NA,NA,NA
"NA.464",NA,NA,NA,NA,NA,NA,NA,NA,NA,NA,NA,NA,NA
"NA.465",NA,NA,NA,NA,NA,NA,NA,NA,NA,NA,NA,NA,NA
"525","The #inca are already poised for it... already in position.","en",712,TRUE,135466,3369,10926,1881,"Eastern Time (US & Canada)","US","Manhattan, NY",40.780709,-73.9685415
"NA.466",NA,NA,NA,NA,NA,NA,NA,NA,NA,NA,NA,NA,NA
"NA.467",NA,NA,NA,NA,NA,NA,NA,NA,NA,NA,NA,NA,NA
"NA.468",NA,NA,NA,NA,NA,NA,NA,NA,NA,NA,NA,NA,NA
"NA.469",NA,NA,NA,NA,NA,NA,NA,NA,NA,NA,NA,NA,NA
"NA.470",NA,NA,NA,NA,NA,NA,NA,NA,NA,NA,NA,NA,NA
"NA.471",NA,NA,NA,NA,NA,NA,NA,NA,NA,NA,NA,NA,NA
"NA.472",NA,NA,NA,NA,NA,NA,NA,NA,NA,NA,NA,NA,NA
"NA.473",NA,NA,NA,NA,NA,NA,NA,NA,NA,NA,NA,NA,NA
"NA.474",NA,NA,NA,NA,NA,NA,NA,NA,NA,NA,NA,NA,NA
"536","omg best album ever:  https://t.co/u2zKUjU6QB  I don‚Äôt know bout all that but check it out!","en",6,TRUE,3871,439,270,1255,"Eastern Time (US & Canada)","US","East Highland Park, VA",37.5809385,-77.374808
"NA.475",NA,NA,NA,NA,NA,NA,NA,NA,NA,NA,NA,NA,NA
"NA.476",NA,NA,NA,NA,NA,NA,NA,NA,NA,NA,NA,NA,NA
"NA.477",NA,NA,NA,NA,NA,NA,NA,NA,NA,NA,NA,NA,NA
"540","Learned so much about art today that I nearly burnt out half way through the day. What an incredible feeling, though.","en",1560,TRUE,32113,44696,13304,1019,"Central Time (US & Canada)","US","Queens, NY",40.6708795,-73.8311875
"NA.478",NA,NA,NA,NA,NA,NA,NA,NA,NA,NA,NA,NA,NA
"NA.479",NA,NA,NA,NA,NA,NA,NA,NA,NA,NA,NA,NA,NA
"NA.480",NA,NA,NA,NA,NA,NA,NA,NA,NA,NA,NA,NA,NA
"NA.481",NA,NA,NA,NA,NA,NA,NA,NA,NA,NA,NA,NA,NA
"NA.482",NA,NA,NA,NA,NA,NA,NA,NA,NA,NA,NA,NA,NA
"NA.483",NA,NA,NA,NA,NA,NA,NA,NA,NA,NA,NA,NA,NA
"NA.484",NA,NA,NA,NA,NA,NA,NA,NA,NA,NA,NA,NA,NA
"NA.485",NA,NA,NA,NA,NA,NA,NA,NA,NA,NA,NA,NA,NA
"NA.486",NA,NA,NA,NA,NA,NA,NA,NA,NA,NA,NA,NA,NA
"554","im smacked twitter","en",20,TRUE,21969,498,13369,240,NA,"US","Brooklyn, NY",40.655138,-73.9487755
"555","Excellent thread. Follow @AriDavidPaul if you're interested in the DLT space. https://t.co/OiYgI1QfUD","en",63,TRUE,3079,2248,3063,599,"Central Time (US & Canada)","US","Manhattan, NY",40.780709,-73.9685415
"NA.487",NA,NA,NA,NA,NA,NA,NA,NA,NA,NA,NA,NA,NA
"NA.488",NA,NA,NA,NA,NA,NA,NA,NA,NA,NA,NA,NA,NA
"NA.489",NA,NA,NA,NA,NA,NA,NA,NA,NA,NA,NA,NA,NA
"NA.490",NA,NA,NA,NA,NA,NA,NA,NA,NA,NA,NA,NA,NA
"NA.491",NA,NA,NA,NA,NA,NA,NA,NA,NA,NA,NA,NA,NA
"NA.492",NA,NA,NA,NA,NA,NA,NA,NA,NA,NA,NA,NA,NA
"NA.493",NA,NA,NA,NA,NA,NA,NA,NA,NA,NA,NA,NA,NA
"565","when you catch the source of the bumass rumor. yup i definitely see you. now that i know who you are you won‚Äôt ever hear from me again.","en",11,TRUE,58548,545,1638,383,"Eastern Time (US & Canada)","US","Manhattan, NY",40.780709,-73.9685415
"NA.494",NA,NA,NA,NA,NA,NA,NA,NA,NA,NA,NA,NA,NA
"NA.495",NA,NA,NA,NA,NA,NA,NA,NA,NA,NA,NA,NA,NA
"NA.496",NA,NA,NA,NA,NA,NA,NA,NA,NA,NA,NA,NA,NA
"NA.497",NA,NA,NA,NA,NA,NA,NA,NA,NA,NA,NA,NA,NA
"NA.498",NA,NA,NA,NA,NA,NA,NA,NA,NA,NA,NA,NA,NA
"NA.499",NA,NA,NA,NA,NA,NA,NA,NA,NA,NA,NA,NA,NA
"NA.500",NA,NA,NA,NA,NA,NA,NA,NA,NA,NA,NA,NA,NA
"NA.501",NA,NA,NA,NA,NA,NA,NA,NA,NA,NA,NA,NA,NA
"NA.502",NA,NA,NA,NA,NA,NA,NA,NA,NA,NA,NA,NA,NA
"NA.503",NA,NA,NA,NA,NA,NA,NA,NA,NA,NA,NA,NA,NA
"NA.504",NA,NA,NA,NA,NA,NA,NA,NA,NA,NA,NA,NA,NA
"NA.505",NA,NA,NA,NA,NA,NA,NA,NA,NA,NA,NA,NA,NA
"NA.506",NA,NA,NA,NA,NA,NA,NA,NA,NA,NA,NA,NA,NA
"NA.507",NA,NA,NA,NA,NA,NA,NA,NA,NA,NA,NA,NA,NA
"NA.508",NA,NA,NA,NA,NA,NA,NA,NA,NA,NA,NA,NA,NA
"NA.509",NA,NA,NA,NA,NA,NA,NA,NA,NA,NA,NA,NA,NA
"NA.510",NA,NA,NA,NA,NA,NA,NA,NA,NA,NA,NA,NA,NA
"NA.511",NA,NA,NA,NA,NA,NA,NA,NA,NA,NA,NA,NA,NA
"NA.512",NA,NA,NA,NA,NA,NA,NA,NA,NA,NA,NA,NA,NA
"NA.513",NA,NA,NA,NA,NA,NA,NA,NA,NA,NA,NA,NA,NA
"NA.514",NA,NA,NA,NA,NA,NA,NA,NA,NA,NA,NA,NA,NA
"NA.515",NA,NA,NA,NA,NA,NA,NA,NA,NA,NA,NA,NA,NA
"NA.516",NA,NA,NA,NA,NA,NA,NA,NA,NA,NA,NA,NA,NA
"NA.517",NA,NA,NA,NA,NA,NA,NA,NA,NA,NA,NA,NA,NA
"NA.518",NA,NA,NA,NA,NA,NA,NA,NA,NA,NA,NA,NA,NA
"NA.519",NA,NA,NA,NA,NA,NA,NA,NA,NA,NA,NA,NA,NA
"NA.520",NA,NA,NA,NA,NA,NA,NA,NA,NA,NA,NA,NA,NA
"NA.521",NA,NA,NA,NA,NA,NA,NA,NA,NA,NA,NA,NA,NA
"NA.522",NA,NA,NA,NA,NA,NA,NA,NA,NA,NA,NA,NA,NA
"NA.523",NA,NA,NA,NA,NA,NA,NA,NA,NA,NA,NA,NA,NA
"NA.524",NA,NA,NA,NA,NA,NA,NA,NA,NA,NA,NA,NA,NA
"NA.525",NA,NA,NA,NA,NA,NA,NA,NA,NA,NA,NA,NA,NA
"NA.526",NA,NA,NA,NA,NA,NA,NA,NA,NA,NA,NA,NA,NA
"NA.527",NA,NA,NA,NA,NA,NA,NA,NA,NA,NA,NA,NA,NA
"NA.528",NA,NA,NA,NA,NA,NA,NA,NA,NA,NA,NA,NA,NA
"NA.529",NA,NA,NA,NA,NA,NA,NA,NA,NA,NA,NA,NA,NA
"NA.530",NA,NA,NA,NA,NA,NA,NA,NA,NA,NA,NA,NA,NA
"NA.531",NA,NA,NA,NA,NA,NA,NA,NA,NA,NA,NA,NA,NA
"NA.532",NA,NA,NA,NA,NA,NA,NA,NA,NA,NA,NA,NA,NA
"NA.533",NA,NA,NA,NA,NA,NA,NA,NA,NA,NA,NA,NA,NA
"608","You are going to HELL!!!@POTUS","en",0,TRUE,165,4,24,26,NA,"US","New York, USA",42.746617,-75.770041
"NA.534",NA,NA,NA,NA,NA,NA,NA,NA,NA,NA,NA,NA,NA
"NA.535",NA,NA,NA,NA,NA,NA,NA,NA,NA,NA,NA,NA,NA
"NA.536",NA,NA,NA,NA,NA,NA,NA,NA,NA,NA,NA,NA,NA
"NA.537",NA,NA,NA,NA,NA,NA,NA,NA,NA,NA,NA,NA,NA
"NA.538",NA,NA,NA,NA,NA,NA,NA,NA,NA,NA,NA,NA,NA
"NA.539",NA,NA,NA,NA,NA,NA,NA,NA,NA,NA,NA,NA,NA
"NA.540",NA,NA,NA,NA,NA,NA,NA,NA,NA,NA,NA,NA,NA
"616","nyc bound ft starbucks https://t.co/xLF0NA3RDq","en",1,TRUE,5269,161,13415,74,"Eastern Time (US & Canada)","US","Manhattan, NY",40.780709,-73.9685415
"617","Light up Madison #happychanukah #lightupmadison #lights #christmastree #empirestatebuilding‚Ä¶ https://t.co/bsnskz5srj","en",5,TRUE,721,146,1735,1087,"Eastern Time (US & Canada)","US","Manhattan, NY",40.780709,-73.9685415
"NA.541",NA,NA,NA,NA,NA,NA,NA,NA,NA,NA,NA,NA,NA
"NA.542",NA,NA,NA,NA,NA,NA,NA,NA,NA,NA,NA,NA,NA
"NA.543",NA,NA,NA,NA,NA,NA,NA,NA,NA,NA,NA,NA,NA
"NA.544",NA,NA,NA,NA,NA,NA,NA,NA,NA,NA,NA,NA,NA
"NA.545",NA,NA,NA,NA,NA,NA,NA,NA,NA,NA,NA,NA,NA
"NA.546",NA,NA,NA,NA,NA,NA,NA,NA,NA,NA,NA,NA,NA
"NA.547",NA,NA,NA,NA,NA,NA,NA,NA,NA,NA,NA,NA,NA
"NA.548",NA,NA,NA,NA,NA,NA,NA,NA,NA,NA,NA,NA,NA
"NA.549",NA,NA,NA,NA,NA,NA,NA,NA,NA,NA,NA,NA,NA
"NA.550",NA,NA,NA,NA,NA,NA,NA,NA,NA,NA,NA,NA,NA
"NA.551",NA,NA,NA,NA,NA,NA,NA,NA,NA,NA,NA,NA,NA
"NA.552",NA,NA,NA,NA,NA,NA,NA,NA,NA,NA,NA,NA,NA
"NA.553",NA,NA,NA,NA,NA,NA,NA,NA,NA,NA,NA,NA,NA
"NA.554",NA,NA,NA,NA,NA,NA,NA,NA,NA,NA,NA,NA,NA
"NA.555",NA,NA,NA,NA,NA,NA,NA,NA,NA,NA,NA,NA,NA
"NA.556",NA,NA,NA,NA,NA,NA,NA,NA,NA,NA,NA,NA,NA
"NA.557",NA,NA,NA,NA,NA,NA,NA,NA,NA,NA,NA,NA,NA
"NA.558",NA,NA,NA,NA,NA,NA,NA,NA,NA,NA,NA,NA,NA
"NA.559",NA,NA,NA,NA,NA,NA,NA,NA,NA,NA,NA,NA,NA
"NA.560",NA,NA,NA,NA,NA,NA,NA,NA,NA,NA,NA,NA,NA
"NA.561",NA,NA,NA,NA,NA,NA,NA,NA,NA,NA,NA,NA,NA
"NA.562",NA,NA,NA,NA,NA,NA,NA,NA,NA,NA,NA,NA,NA
"NA.563",NA,NA,NA,NA,NA,NA,NA,NA,NA,NA,NA,NA,NA
"NA.564",NA,NA,NA,NA,NA,NA,NA,NA,NA,NA,NA,NA,NA
"NA.565",NA,NA,NA,NA,NA,NA,NA,NA,NA,NA,NA,NA,NA
"NA.566",NA,NA,NA,NA,NA,NA,NA,NA,NA,NA,NA,NA,NA
"NA.567",NA,NA,NA,NA,NA,NA,NA,NA,NA,NA,NA,NA,NA
"NA.568",NA,NA,NA,NA,NA,NA,NA,NA,NA,NA,NA,NA,NA
"NA.569",NA,NA,NA,NA,NA,NA,NA,NA,NA,NA,NA,NA,NA
"NA.570",NA,NA,NA,NA,NA,NA,NA,NA,NA,NA,NA,NA,NA
"NA.571",NA,NA,NA,NA,NA,NA,NA,NA,NA,NA,NA,NA,NA
"NA.572",NA,NA,NA,NA,NA,NA,NA,NA,NA,NA,NA,NA,NA
"NA.573",NA,NA,NA,NA,NA,NA,NA,NA,NA,NA,NA,NA,NA
"NA.574",NA,NA,NA,NA,NA,NA,NA,NA,NA,NA,NA,NA,NA
"NA.575",NA,NA,NA,NA,NA,NA,NA,NA,NA,NA,NA,NA,NA
"NA.576",NA,NA,NA,NA,NA,NA,NA,NA,NA,NA,NA,NA,NA
"NA.577",NA,NA,NA,NA,NA,NA,NA,NA,NA,NA,NA,NA,NA
"NA.578",NA,NA,NA,NA,NA,NA,NA,NA,NA,NA,NA,NA,NA
"NA.579",NA,NA,NA,NA,NA,NA,NA,NA,NA,NA,NA,NA,NA
"NA.580",NA,NA,NA,NA,NA,NA,NA,NA,NA,NA,NA,NA,NA
"NA.581",NA,NA,NA,NA,NA,NA,NA,NA,NA,NA,NA,NA,NA
"NA.582",NA,NA,NA,NA,NA,NA,NA,NA,NA,NA,NA,NA,NA
"NA.583",NA,NA,NA,NA,NA,NA,NA,NA,NA,NA,NA,NA,NA
"NA.584",NA,NA,NA,NA,NA,NA,NA,NA,NA,NA,NA,NA,NA
"NA.585",NA,NA,NA,NA,NA,NA,NA,NA,NA,NA,NA,NA,NA
"NA.586",NA,NA,NA,NA,NA,NA,NA,NA,NA,NA,NA,NA,NA
"NA.587",NA,NA,NA,NA,NA,NA,NA,NA,NA,NA,NA,NA,NA
"NA.588",NA,NA,NA,NA,NA,NA,NA,NA,NA,NA,NA,NA,NA
"NA.589",NA,NA,NA,NA,NA,NA,NA,NA,NA,NA,NA,NA,NA
"NA.590",NA,NA,NA,NA,NA,NA,NA,NA,NA,NA,NA,NA,NA
"NA.591",NA,NA,NA,NA,NA,NA,NA,NA,NA,NA,NA,NA,NA
"NA.592",NA,NA,NA,NA,NA,NA,NA,NA,NA,NA,NA,NA,NA
"NA.593",NA,NA,NA,NA,NA,NA,NA,NA,NA,NA,NA,NA,NA
"NA.594",NA,NA,NA,NA,NA,NA,NA,NA,NA,NA,NA,NA,NA
"NA.595",NA,NA,NA,NA,NA,NA,NA,NA,NA,NA,NA,NA,NA
"NA.596",NA,NA,NA,NA,NA,NA,NA,NA,NA,NA,NA,NA,NA
"NA.597",NA,NA,NA,NA,NA,NA,NA,NA,NA,NA,NA,NA,NA
"676","my wife the train","en",10,TRUE,10437,277,6975,436,"Central Time (US & Canada)","US","Manhattan, NY",40.780709,-73.9685415
"NA.598",NA,NA,NA,NA,NA,NA,NA,NA,NA,NA,NA,NA,NA
"NA.599",NA,NA,NA,NA,NA,NA,NA,NA,NA,NA,NA,NA,NA
"NA.600",NA,NA,NA,NA,NA,NA,NA,NA,NA,NA,NA,NA,NA
"NA.601",NA,NA,NA,NA,NA,NA,NA,NA,NA,NA,NA,NA,NA
"NA.602",NA,NA,NA,NA,NA,NA,NA,NA,NA,NA,NA,NA,NA
"NA.603",NA,NA,NA,NA,NA,NA,NA,NA,NA,NA,NA,NA,NA
"NA.604",NA,NA,NA,NA,NA,NA,NA,NA,NA,NA,NA,NA,NA
"NA.605",NA,NA,NA,NA,NA,NA,NA,NA,NA,NA,NA,NA,NA
"NA.606",NA,NA,NA,NA,NA,NA,NA,NA,NA,NA,NA,NA,NA
"NA.607",NA,NA,NA,NA,NA,NA,NA,NA,NA,NA,NA,NA,NA
"NA.608",NA,NA,NA,NA,NA,NA,NA,NA,NA,NA,NA,NA,NA
"NA.609",NA,NA,NA,NA,NA,NA,NA,NA,NA,NA,NA,NA,NA
"NA.610",NA,NA,NA,NA,NA,NA,NA,NA,NA,NA,NA,NA,NA
"NA.611",NA,NA,NA,NA,NA,NA,NA,NA,NA,NA,NA,NA,NA
"NA.612",NA,NA,NA,NA,NA,NA,NA,NA,NA,NA,NA,NA,NA
"NA.613",NA,NA,NA,NA,NA,NA,NA,NA,NA,NA,NA,NA,NA
"NA.614",NA,NA,NA,NA,NA,NA,NA,NA,NA,NA,NA,NA,NA
"NA.615",NA,NA,NA,NA,NA,NA,NA,NA,NA,NA,NA,NA,NA
"NA.616",NA,NA,NA,NA,NA,NA,NA,NA,NA,NA,NA,NA,NA
"NA.617",NA,NA,NA,NA,NA,NA,NA,NA,NA,NA,NA,NA,NA
"NA.618",NA,NA,NA,NA,NA,NA,NA,NA,NA,NA,NA,NA,NA
"NA.619",NA,NA,NA,NA,NA,NA,NA,NA,NA,NA,NA,NA,NA
"NA.620",NA,NA,NA,NA,NA,NA,NA,NA,NA,NA,NA,NA,NA
"NA.621",NA,NA,NA,NA,NA,NA,NA,NA,NA,NA,NA,NA,NA
"NA.622",NA,NA,NA,NA,NA,NA,NA,NA,NA,NA,NA,NA,NA
"NA.623",NA,NA,NA,NA,NA,NA,NA,NA,NA,NA,NA,NA,NA
"NA.624",NA,NA,NA,NA,NA,NA,NA,NA,NA,NA,NA,NA,NA
"NA.625",NA,NA,NA,NA,NA,NA,NA,NA,NA,NA,NA,NA,NA
"NA.626",NA,NA,NA,NA,NA,NA,NA,NA,NA,NA,NA,NA,NA
"NA.627",NA,NA,NA,NA,NA,NA,NA,NA,NA,NA,NA,NA,NA
"NA.628",NA,NA,NA,NA,NA,NA,NA,NA,NA,NA,NA,NA,NA
"NA.629",NA,NA,NA,NA,NA,NA,NA,NA,NA,NA,NA,NA,NA
"NA.630",NA,NA,NA,NA,NA,NA,NA,NA,NA,NA,NA,NA,NA
"NA.631",NA,NA,NA,NA,NA,NA,NA,NA,NA,NA,NA,NA,NA
"NA.632",NA,NA,NA,NA,NA,NA,NA,NA,NA,NA,NA,NA,NA
"NA.633",NA,NA,NA,NA,NA,NA,NA,NA,NA,NA,NA,NA,NA
"NA.634",NA,NA,NA,NA,NA,NA,NA,NA,NA,NA,NA,NA,NA
"NA.635",NA,NA,NA,NA,NA,NA,NA,NA,NA,NA,NA,NA,NA
"NA.636",NA,NA,NA,NA,NA,NA,NA,NA,NA,NA,NA,NA,NA
"NA.637",NA,NA,NA,NA,NA,NA,NA,NA,NA,NA,NA,NA,NA
"NA.638",NA,NA,NA,NA,NA,NA,NA,NA,NA,NA,NA,NA,NA
"NA.639",NA,NA,NA,NA,NA,NA,NA,NA,NA,NA,NA,NA,NA
"NA.640",NA,NA,NA,NA,NA,NA,NA,NA,NA,NA,NA,NA,NA
"NA.641",NA,NA,NA,NA,NA,NA,NA,NA,NA,NA,NA,NA,NA
"NA.642",NA,NA,NA,NA,NA,NA,NA,NA,NA,NA,NA,NA,NA
"NA.643",NA,NA,NA,NA,NA,NA,NA,NA,NA,NA,NA,NA,NA
"NA.644",NA,NA,NA,NA,NA,NA,NA,NA,NA,NA,NA,NA,NA
"NA.645",NA,NA,NA,NA,NA,NA,NA,NA,NA,NA,NA,NA,NA
"NA.646",NA,NA,NA,NA,NA,NA,NA,NA,NA,NA,NA,NA,NA
"NA.647",NA,NA,NA,NA,NA,NA,NA,NA,NA,NA,NA,NA,NA
"NA.648",NA,NA,NA,NA,NA,NA,NA,NA,NA,NA,NA,NA,NA
"NA.649",NA,NA,NA,NA,NA,NA,NA,NA,NA,NA,NA,NA,NA
"NA.650",NA,NA,NA,NA,NA,NA,NA,NA,NA,NA,NA,NA,NA
"NA.651",NA,NA,NA,NA,NA,NA,NA,NA,NA,NA,NA,NA,NA
"NA.652",NA,NA,NA,NA,NA,NA,NA,NA,NA,NA,NA,NA,NA
"NA.653",NA,NA,NA,NA,NA,NA,NA,NA,NA,NA,NA,NA,NA
"NA.654",NA,NA,NA,NA,NA,NA,NA,NA,NA,NA,NA,NA,NA
"NA.655",NA,NA,NA,NA,NA,NA,NA,NA,NA,NA,NA,NA,NA
"NA.656",NA,NA,NA,NA,NA,NA,NA,NA,NA,NA,NA,NA,NA
"NA.657",NA,NA,NA,NA,NA,NA,NA,NA,NA,NA,NA,NA,NA
"NA.658",NA,NA,NA,NA,NA,NA,NA,NA,NA,NA,NA,NA,NA
"NA.659",NA,NA,NA,NA,NA,NA,NA,NA,NA,NA,NA,NA,NA
"NA.660",NA,NA,NA,NA,NA,NA,NA,NA,NA,NA,NA,NA,NA
"NA.661",NA,NA,NA,NA,NA,NA,NA,NA,NA,NA,NA,NA,NA
"NA.662",NA,NA,NA,NA,NA,NA,NA,NA,NA,NA,NA,NA,NA
"NA.663",NA,NA,NA,NA,NA,NA,NA,NA,NA,NA,NA,NA,NA
"NA.664",NA,NA,NA,NA,NA,NA,NA,NA,NA,NA,NA,NA,NA
"NA.665",NA,NA,NA,NA,NA,NA,NA,NA,NA,NA,NA,NA,NA
"NA.666",NA,NA,NA,NA,NA,NA,NA,NA,NA,NA,NA,NA,NA
"NA.667",NA,NA,NA,NA,NA,NA,NA,NA,NA,NA,NA,NA,NA
"NA.668",NA,NA,NA,NA,NA,NA,NA,NA,NA,NA,NA,NA,NA
"NA.669",NA,NA,NA,NA,NA,NA,NA,NA,NA,NA,NA,NA,NA
"NA.670",NA,NA,NA,NA,NA,NA,NA,NA,NA,NA,NA,NA,NA
"NA.671",NA,NA,NA,NA,NA,NA,NA,NA,NA,NA,NA,NA,NA
"NA.672",NA,NA,NA,NA,NA,NA,NA,NA,NA,NA,NA,NA,NA
"NA.673",NA,NA,NA,NA,NA,NA,NA,NA,NA,NA,NA,NA,NA
"NA.674",NA,NA,NA,NA,NA,NA,NA,NA,NA,NA,NA,NA,NA
"NA.675",NA,NA,NA,NA,NA,NA,NA,NA,NA,NA,NA,NA,NA
"NA.676",NA,NA,NA,NA,NA,NA,NA,NA,NA,NA,NA,NA,NA
"NA.677",NA,NA,NA,NA,NA,NA,NA,NA,NA,NA,NA,NA,NA
"NA.678",NA,NA,NA,NA,NA,NA,NA,NA,NA,NA,NA,NA,NA
"NA.679",NA,NA,NA,NA,NA,NA,NA,NA,NA,NA,NA,NA,NA
"NA.680",NA,NA,NA,NA,NA,NA,NA,NA,NA,NA,NA,NA,NA
"NA.681",NA,NA,NA,NA,NA,NA,NA,NA,NA,NA,NA,NA,NA
"NA.682",NA,NA,NA,NA,NA,NA,NA,NA,NA,NA,NA,NA,NA
"NA.683",NA,NA,NA,NA,NA,NA,NA,NA,NA,NA,NA,NA,NA
"NA.684",NA,NA,NA,NA,NA,NA,NA,NA,NA,NA,NA,NA,NA
"NA.685",NA,NA,NA,NA,NA,NA,NA,NA,NA,NA,NA,NA,NA
"NA.686",NA,NA,NA,NA,NA,NA,NA,NA,NA,NA,NA,NA,NA
"NA.687",NA,NA,NA,NA,NA,NA,NA,NA,NA,NA,NA,NA,NA
"NA.688",NA,NA,NA,NA,NA,NA,NA,NA,NA,NA,NA,NA,NA
"NA.689",NA,NA,NA,NA,NA,NA,NA,NA,NA,NA,NA,NA,NA
"NA.690",NA,NA,NA,NA,NA,NA,NA,NA,NA,NA,NA,NA,NA
"NA.691",NA,NA,NA,NA,NA,NA,NA,NA,NA,NA,NA,NA,NA
"NA.692",NA,NA,NA,NA,NA,NA,NA,NA,NA,NA,NA,NA,NA
"NA.693",NA,NA,NA,NA,NA,NA,NA,NA,NA,NA,NA,NA,NA
"NA.694",NA,NA,NA,NA,NA,NA,NA,NA,NA,NA,NA,NA,NA
"NA.695",NA,NA,NA,NA,NA,NA,NA,NA,NA,NA,NA,NA,NA
"NA.696",NA,NA,NA,NA,NA,NA,NA,NA,NA,NA,NA,NA,NA
"NA.697",NA,NA,NA,NA,NA,NA,NA,NA,NA,NA,NA,NA,NA
"NA.698",NA,NA,NA,NA,NA,NA,NA,NA,NA,NA,NA,NA,NA
"NA.699",NA,NA,NA,NA,NA,NA,NA,NA,NA,NA,NA,NA,NA
"NA.700",NA,NA,NA,NA,NA,NA,NA,NA,NA,NA,NA,NA,NA
"NA.701",NA,NA,NA,NA,NA,NA,NA,NA,NA,NA,NA,NA,NA
"NA.702",NA,NA,NA,NA,NA,NA,NA,NA,NA,NA,NA,NA,NA
"NA.703",NA,NA,NA,NA,NA,NA,NA,NA,NA,NA,NA,NA,NA
"NA.704",NA,NA,NA,NA,NA,NA,NA,NA,NA,NA,NA,NA,NA
"NA.705",NA,NA,NA,NA,NA,NA,NA,NA,NA,NA,NA,NA,NA
"NA.706",NA,NA,NA,NA,NA,NA,NA,NA,NA,NA,NA,NA,NA
"NA.707",NA,NA,NA,NA,NA,NA,NA,NA,NA,NA,NA,NA,NA
"NA.708",NA,NA,NA,NA,NA,NA,NA,NA,NA,NA,NA,NA,NA
"796","@AmericanUAlum @BarackObama @MichelleObama Yesterday I dreamed that I had drinks with Brian Mulroney and Amy Poehle‚Ä¶ https://t.co/rHxZmX2d5M","en",3,TRUE,2362,1540,943,1252,"Eastern Time (US & Canada)","US","Manhattan, NY",40.780709,-73.9685415
"798","Him: *furiously types a heartfelt paragraph and looks expectantly for when we‚Äôll arrive to a station so he can hit‚Ä¶ https://t.co/JlhnK1UWVa","en",53,TRUE,17972,6367,3017,549,"Pacific Time (US & Canada)","US","Manhattan, NY",40.780709,-73.9685415
"NA.709",NA,NA,NA,NA,NA,NA,NA,NA,NA,NA,NA,NA,NA
"NA.710",NA,NA,NA,NA,NA,NA,NA,NA,NA,NA,NA,NA,NA
"NA.711",NA,NA,NA,NA,NA,NA,NA,NA,NA,NA,NA,NA,NA
"NA.712",NA,NA,NA,NA,NA,NA,NA,NA,NA,NA,NA,NA,NA
"NA.713",NA,NA,NA,NA,NA,NA,NA,NA,NA,NA,NA,NA,NA
"805","Love how the Imagineers used the ‚ÄúStank Face ‚Ñ¢Ô∏è‚Äù setting on the other robot presidents. https://t.co/Qm2lKBh3Dt","en",316,TRUE,37902,3507,6526,972,"Eastern Time (US & Canada)","US","Brooklyn, NY",40.655138,-73.9487755
"NA.714",NA,NA,NA,NA,NA,NA,NA,NA,NA,NA,NA,NA,NA
"NA.715",NA,NA,NA,NA,NA,NA,NA,NA,NA,NA,NA,NA,NA
"NA.716",NA,NA,NA,NA,NA,NA,NA,NA,NA,NA,NA,NA,NA
"NA.717",NA,NA,NA,NA,NA,NA,NA,NA,NA,NA,NA,NA,NA
"NA.718",NA,NA,NA,NA,NA,NA,NA,NA,NA,NA,NA,NA,NA
"NA.719",NA,NA,NA,NA,NA,NA,NA,NA,NA,NA,NA,NA,NA
"NA.720",NA,NA,NA,NA,NA,NA,NA,NA,NA,NA,NA,NA,NA
"NA.721",NA,NA,NA,NA,NA,NA,NA,NA,NA,NA,NA,NA,NA
"NA.722",NA,NA,NA,NA,NA,NA,NA,NA,NA,NA,NA,NA,NA
"NA.723",NA,NA,NA,NA,NA,NA,NA,NA,NA,NA,NA,NA,NA
"NA.724",NA,NA,NA,NA,NA,NA,NA,NA,NA,NA,NA,NA,NA
"NA.725",NA,NA,NA,NA,NA,NA,NA,NA,NA,NA,NA,NA,NA
"NA.726",NA,NA,NA,NA,NA,NA,NA,NA,NA,NA,NA,NA,NA
"NA.727",NA,NA,NA,NA,NA,NA,NA,NA,NA,NA,NA,NA,NA
"NA.728",NA,NA,NA,NA,NA,NA,NA,NA,NA,NA,NA,NA,NA
"NA.729",NA,NA,NA,NA,NA,NA,NA,NA,NA,NA,NA,NA,NA
"NA.730",NA,NA,NA,NA,NA,NA,NA,NA,NA,NA,NA,NA,NA
"NA.731",NA,NA,NA,NA,NA,NA,NA,NA,NA,NA,NA,NA,NA
"NA.732",NA,NA,NA,NA,NA,NA,NA,NA,NA,NA,NA,NA,NA
"NA.733",NA,NA,NA,NA,NA,NA,NA,NA,NA,NA,NA,NA,NA
"NA.734",NA,NA,NA,NA,NA,NA,NA,NA,NA,NA,NA,NA,NA
"NA.735",NA,NA,NA,NA,NA,NA,NA,NA,NA,NA,NA,NA,NA
"NA.736",NA,NA,NA,NA,NA,NA,NA,NA,NA,NA,NA,NA,NA
"NA.737",NA,NA,NA,NA,NA,NA,NA,NA,NA,NA,NA,NA,NA
"NA.738",NA,NA,NA,NA,NA,NA,NA,NA,NA,NA,NA,NA,NA
"NA.739",NA,NA,NA,NA,NA,NA,NA,NA,NA,NA,NA,NA,NA
"NA.740",NA,NA,NA,NA,NA,NA,NA,NA,NA,NA,NA,NA,NA
"NA.741",NA,NA,NA,NA,NA,NA,NA,NA,NA,NA,NA,NA,NA
"NA.742",NA,NA,NA,NA,NA,NA,NA,NA,NA,NA,NA,NA,NA
"NA.743",NA,NA,NA,NA,NA,NA,NA,NA,NA,NA,NA,NA,NA
"NA.744",NA,NA,NA,NA,NA,NA,NA,NA,NA,NA,NA,NA,NA
"NA.745",NA,NA,NA,NA,NA,NA,NA,NA,NA,NA,NA,NA,NA
"838","@ManoManocherian @AdyBarkan @PodSaveAmerica I loved that they just rolled with it.","en",10,TRUE,7789,414,23378,712,NA,"US","Brooklyn, NY",40.655138,-73.9487755
"NA.746",NA,NA,NA,NA,NA,NA,NA,NA,NA,NA,NA,NA,NA
"NA.747",NA,NA,NA,NA,NA,NA,NA,NA,NA,NA,NA,NA,NA
"NA.748",NA,NA,NA,NA,NA,NA,NA,NA,NA,NA,NA,NA,NA
"842","Also got called mom at least 20 times today by several different people. IM NOT A MOM.","en",2,TRUE,36290,337,9587,511,"Atlantic Time (Canada)","US","New York, USA",42.746617,-75.770041
"NA.749",NA,NA,NA,NA,NA,NA,NA,NA,NA,NA,NA,NA,NA
"NA.750",NA,NA,NA,NA,NA,NA,NA,NA,NA,NA,NA,NA,NA
"NA.751",NA,NA,NA,NA,NA,NA,NA,NA,NA,NA,NA,NA,NA
"NA.752",NA,NA,NA,NA,NA,NA,NA,NA,NA,NA,NA,NA,NA
"NA.753",NA,NA,NA,NA,NA,NA,NA,NA,NA,NA,NA,NA,NA
"848","I don‚Äôt like that the Wendy‚Äôs restaurant is a girl. It hurts my feelings...Ì†ΩÌ∏Ç people make me laugh https://t.co/fVb3USBzQt","en",1,TRUE,4079,523,1541,433,"Eastern Time (US & Canada)","US","New York, USA",42.746617,-75.770041
"NA.754",NA,NA,NA,NA,NA,NA,NA,NA,NA,NA,NA,NA,NA
"NA.755",NA,NA,NA,NA,NA,NA,NA,NA,NA,NA,NA,NA,NA
"NA.756",NA,NA,NA,NA,NA,NA,NA,NA,NA,NA,NA,NA,NA
"NA.757",NA,NA,NA,NA,NA,NA,NA,NA,NA,NA,NA,NA,NA
"NA.758",NA,NA,NA,NA,NA,NA,NA,NA,NA,NA,NA,NA,NA
"NA.759",NA,NA,NA,NA,NA,NA,NA,NA,NA,NA,NA,NA,NA
"NA.760",NA,NA,NA,NA,NA,NA,NA,NA,NA,NA,NA,NA,NA
"NA.761",NA,NA,NA,NA,NA,NA,NA,NA,NA,NA,NA,NA,NA
"NA.762",NA,NA,NA,NA,NA,NA,NA,NA,NA,NA,NA,NA,NA
"NA.763",NA,NA,NA,NA,NA,NA,NA,NA,NA,NA,NA,NA,NA
"NA.764",NA,NA,NA,NA,NA,NA,NA,NA,NA,NA,NA,NA,NA
"NA.765",NA,NA,NA,NA,NA,NA,NA,NA,NA,NA,NA,NA,NA
"NA.766",NA,NA,NA,NA,NA,NA,NA,NA,NA,NA,NA,NA,NA
"NA.767",NA,NA,NA,NA,NA,NA,NA,NA,NA,NA,NA,NA,NA
"NA.768",NA,NA,NA,NA,NA,NA,NA,NA,NA,NA,NA,NA,NA
"NA.769",NA,NA,NA,NA,NA,NA,NA,NA,NA,NA,NA,NA,NA
"NA.770",NA,NA,NA,NA,NA,NA,NA,NA,NA,NA,NA,NA,NA
"NA.771",NA,NA,NA,NA,NA,NA,NA,NA,NA,NA,NA,NA,NA
"NA.772",NA,NA,NA,NA,NA,NA,NA,NA,NA,NA,NA,NA,NA
"NA.773",NA,NA,NA,NA,NA,NA,NA,NA,NA,NA,NA,NA,NA
"NA.774",NA,NA,NA,NA,NA,NA,NA,NA,NA,NA,NA,NA,NA
"NA.775",NA,NA,NA,NA,NA,NA,NA,NA,NA,NA,NA,NA,NA
"NA.776",NA,NA,NA,NA,NA,NA,NA,NA,NA,NA,NA,NA,NA
"NA.777",NA,NA,NA,NA,NA,NA,NA,NA,NA,NA,NA,NA,NA
"NA.778",NA,NA,NA,NA,NA,NA,NA,NA,NA,NA,NA,NA,NA
"NA.779",NA,NA,NA,NA,NA,NA,NA,NA,NA,NA,NA,NA,NA
"NA.780",NA,NA,NA,NA,NA,NA,NA,NA,NA,NA,NA,NA,NA
"NA.781",NA,NA,NA,NA,NA,NA,NA,NA,NA,NA,NA,NA,NA
"NA.782",NA,NA,NA,NA,NA,NA,NA,NA,NA,NA,NA,NA,NA
"NA.783",NA,NA,NA,NA,NA,NA,NA,NA,NA,NA,NA,NA,NA
"NA.784",NA,NA,NA,NA,NA,NA,NA,NA,NA,NA,NA,NA,NA
"NA.785",NA,NA,NA,NA,NA,NA,NA,NA,NA,NA,NA,NA,NA
"NA.786",NA,NA,NA,NA,NA,NA,NA,NA,NA,NA,NA,NA,NA
"886","X-Mas is here ‚ù§Ô∏èÌ†ºÌæÜÌ†ºÌæÑÌ†ΩÌµ∫Ì†ºÌøªÌ†ΩÌπåÌ†ºÌøªÌ†ΩÌ∏á https://t.co/x5idjJ0D7E","en",4,TRUE,556,218,468,33,"Quito","US","Manhattan, NY",40.780709,-73.9685415
"NA.787",NA,NA,NA,NA,NA,NA,NA,NA,NA,NA,NA,NA,NA
"NA.788",NA,NA,NA,NA,NA,NA,NA,NA,NA,NA,NA,NA,NA
"NA.789",NA,NA,NA,NA,NA,NA,NA,NA,NA,NA,NA,NA,NA
"890","@cacidoe @JohnClydeIV Skinny legends omg snatched for the gawds yes mawma","en",9,TRUE,7472,397,30844,111,"Pacific Time (US & Canada)","US","Manhattan, NY",40.780709,-73.9685415
"NA.790",NA,NA,NA,NA,NA,NA,NA,NA,NA,NA,NA,NA,NA
"892","Omg. You guys. @Psych_USA is back streaming on @amazon. BEST CHRISTMAS PRESENT EVER.","en",87,TRUE,24771,1247,1399,1051,"Pacific Time (US & Canada)","US","Sunnyside, OR",45.4326685,-122.555403
"893","@HowStuffWorks 97% of people can't name all of these TV shows from the 50s and 60s! Can you?
50 out of 50!
( I am very old)","en",73,TRUE,115269,3134,861,3349,"America/New_York","US","Brooklyn, NY",40.655138,-73.9487755
"NA.791",NA,NA,NA,NA,NA,NA,NA,NA,NA,NA,NA,NA,NA
"NA.792",NA,NA,NA,NA,NA,NA,NA,NA,NA,NA,NA,NA,NA
"896","Done getting my hopes up for nothing","en",2,TRUE,4912,1092,7448,584,"Pacific Time (US & Canada)","US","New York, USA",42.746617,-75.770041
"NA.793",NA,NA,NA,NA,NA,NA,NA,NA,NA,NA,NA,NA,NA
"NA.794",NA,NA,NA,NA,NA,NA,NA,NA,NA,NA,NA,NA,NA
"NA.795",NA,NA,NA,NA,NA,NA,NA,NA,NA,NA,NA,NA,NA
"NA.796",NA,NA,NA,NA,NA,NA,NA,NA,NA,NA,NA,NA,NA
"NA.797",NA,NA,NA,NA,NA,NA,NA,NA,NA,NA,NA,NA,NA
"NA.798",NA,NA,NA,NA,NA,NA,NA,NA,NA,NA,NA,NA,NA
"NA.799",NA,NA,NA,NA,NA,NA,NA,NA,NA,NA,NA,NA,NA
"NA.800",NA,NA,NA,NA,NA,NA,NA,NA,NA,NA,NA,NA,NA
"NA.801",NA,NA,NA,NA,NA,NA,NA,NA,NA,NA,NA,NA,NA
"NA.802",NA,NA,NA,NA,NA,NA,NA,NA,NA,NA,NA,NA,NA
"NA.803",NA,NA,NA,NA,NA,NA,NA,NA,NA,NA,NA,NA,NA
"NA.804",NA,NA,NA,NA,NA,NA,NA,NA,NA,NA,NA,NA,NA
"909","ive never seen a sphynx cat in real life and theyre my favorite kind of cat. this is homophobia at its finest","en",26,TRUE,14911,896,33895,249,"Atlantic Time (Canada)","US","Brooklyn, NY",40.655138,-73.9487755
"NA.805",NA,NA,NA,NA,NA,NA,NA,NA,NA,NA,NA,NA,NA
"NA.806",NA,NA,NA,NA,NA,NA,NA,NA,NA,NA,NA,NA,NA
"NA.807",NA,NA,NA,NA,NA,NA,NA,NA,NA,NA,NA,NA,NA
"913","omg since when can you tweet a full thread at once","en",1,TRUE,8188,216,8817,180,NA,"US","Manhattan, NY",40.780709,-73.9685415
"NA.808",NA,NA,NA,NA,NA,NA,NA,NA,NA,NA,NA,NA,NA
"NA.809",NA,NA,NA,NA,NA,NA,NA,NA,NA,NA,NA,NA,NA
"NA.810",NA,NA,NA,NA,NA,NA,NA,NA,NA,NA,NA,NA,NA
"NA.811",NA,NA,NA,NA,NA,NA,NA,NA,NA,NA,NA,NA,NA
"NA.812",NA,NA,NA,NA,NA,NA,NA,NA,NA,NA,NA,NA,NA
"NA.813",NA,NA,NA,NA,NA,NA,NA,NA,NA,NA,NA,NA,NA
"921","Why can‚Äôt your gym pump last till you get home Ì†ΩÌ≤™Ì†ºÌøº","en",2,TRUE,3359,293,4686,1448,NA,"US","Queens, NY",40.6708795,-73.8311875
"NA.814",NA,NA,NA,NA,NA,NA,NA,NA,NA,NA,NA,NA,NA
"NA.815",NA,NA,NA,NA,NA,NA,NA,NA,NA,NA,NA,NA,NA
"NA.816",NA,NA,NA,NA,NA,NA,NA,NA,NA,NA,NA,NA,NA
"NA.817",NA,NA,NA,NA,NA,NA,NA,NA,NA,NA,NA,NA,NA
"NA.818",NA,NA,NA,NA,NA,NA,NA,NA,NA,NA,NA,NA,NA
"NA.819",NA,NA,NA,NA,NA,NA,NA,NA,NA,NA,NA,NA,NA
"NA.820",NA,NA,NA,NA,NA,NA,NA,NA,NA,NA,NA,NA,NA
"NA.821",NA,NA,NA,NA,NA,NA,NA,NA,NA,NA,NA,NA,NA
"NA.822",NA,NA,NA,NA,NA,NA,NA,NA,NA,NA,NA,NA,NA
"NA.823",NA,NA,NA,NA,NA,NA,NA,NA,NA,NA,NA,NA,NA
"NA.824",NA,NA,NA,NA,NA,NA,NA,NA,NA,NA,NA,NA,NA
"NA.825",NA,NA,NA,NA,NA,NA,NA,NA,NA,NA,NA,NA,NA
"NA.826",NA,NA,NA,NA,NA,NA,NA,NA,NA,NA,NA,NA,NA
"NA.827",NA,NA,NA,NA,NA,NA,NA,NA,NA,NA,NA,NA,NA
"NA.828",NA,NA,NA,NA,NA,NA,NA,NA,NA,NA,NA,NA,NA
"NA.829",NA,NA,NA,NA,NA,NA,NA,NA,NA,NA,NA,NA,NA
"NA.830",NA,NA,NA,NA,NA,NA,NA,NA,NA,NA,NA,NA,NA
"NA.831",NA,NA,NA,NA,NA,NA,NA,NA,NA,NA,NA,NA,NA
"NA.832",NA,NA,NA,NA,NA,NA,NA,NA,NA,NA,NA,NA,NA
"NA.833",NA,NA,NA,NA,NA,NA,NA,NA,NA,NA,NA,NA,NA
"NA.834",NA,NA,NA,NA,NA,NA,NA,NA,NA,NA,NA,NA,NA
"NA.835",NA,NA,NA,NA,NA,NA,NA,NA,NA,NA,NA,NA,NA
"NA.836",NA,NA,NA,NA,NA,NA,NA,NA,NA,NA,NA,NA,NA
"NA.837",NA,NA,NA,NA,NA,NA,NA,NA,NA,NA,NA,NA,NA
"NA.838",NA,NA,NA,NA,NA,NA,NA,NA,NA,NA,NA,NA,NA
"NA.839",NA,NA,NA,NA,NA,NA,NA,NA,NA,NA,NA,NA,NA
"NA.840",NA,NA,NA,NA,NA,NA,NA,NA,NA,NA,NA,NA,NA
"NA.841",NA,NA,NA,NA,NA,NA,NA,NA,NA,NA,NA,NA,NA
"NA.842",NA,NA,NA,NA,NA,NA,NA,NA,NA,NA,NA,NA,NA
"NA.843",NA,NA,NA,NA,NA,NA,NA,NA,NA,NA,NA,NA,NA
"NA.844",NA,NA,NA,NA,NA,NA,NA,NA,NA,NA,NA,NA,NA
"NA.845",NA,NA,NA,NA,NA,NA,NA,NA,NA,NA,NA,NA,NA
"NA.846",NA,NA,NA,NA,NA,NA,NA,NA,NA,NA,NA,NA,NA
"NA.847",NA,NA,NA,NA,NA,NA,NA,NA,NA,NA,NA,NA,NA
"NA.848",NA,NA,NA,NA,NA,NA,NA,NA,NA,NA,NA,NA,NA
"960","My brother just told me that A Christmas story was a stupid movie... I have never been so offended","en",2,TRUE,7377,417,15163,362,"Pacific Time (US & Canada)","US","La Vista, NE",41.1774495,-96.062561
"NA.849",NA,NA,NA,NA,NA,NA,NA,NA,NA,NA,NA,NA,NA
"NA.850",NA,NA,NA,NA,NA,NA,NA,NA,NA,NA,NA,NA,NA
"NA.851",NA,NA,NA,NA,NA,NA,NA,NA,NA,NA,NA,NA,NA
"NA.852",NA,NA,NA,NA,NA,NA,NA,NA,NA,NA,NA,NA,NA
"NA.853",NA,NA,NA,NA,NA,NA,NA,NA,NA,NA,NA,NA,NA
"NA.854",NA,NA,NA,NA,NA,NA,NA,NA,NA,NA,NA,NA,NA
"NA.855",NA,NA,NA,NA,NA,NA,NA,NA,NA,NA,NA,NA,NA
"NA.856",NA,NA,NA,NA,NA,NA,NA,NA,NA,NA,NA,NA,NA
"969","#Disability Advocates: Kindly vote for CNN Hero Amy Wright‚Äôs @bittyandbeaus Coffee Shop because she offers jobs &amp; a‚Ä¶ https://t.co/uKKbhANag9","en",810,TRUE,114450,4068,60598,3348,NA,"US","Queens, NY",40.6708795,-73.8311875
"NA.857",NA,NA,NA,NA,NA,NA,NA,NA,NA,NA,NA,NA,NA
"NA.858",NA,NA,NA,NA,NA,NA,NA,NA,NA,NA,NA,NA,NA
"NA.859",NA,NA,NA,NA,NA,NA,NA,NA,NA,NA,NA,NA,NA
"NA.860",NA,NA,NA,NA,NA,NA,NA,NA,NA,NA,NA,NA,NA
"NA.861",NA,NA,NA,NA,NA,NA,NA,NA,NA,NA,NA,NA,NA
"NA.862",NA,NA,NA,NA,NA,NA,NA,NA,NA,NA,NA,NA,NA
"NA.863",NA,NA,NA,NA,NA,NA,NA,NA,NA,NA,NA,NA,NA
"NA.864",NA,NA,NA,NA,NA,NA,NA,NA,NA,NA,NA,NA,NA
"NA.865",NA,NA,NA,NA,NA,NA,NA,NA,NA,NA,NA,NA,NA
"NA.866",NA,NA,NA,NA,NA,NA,NA,NA,NA,NA,NA,NA,NA
"NA.867",NA,NA,NA,NA,NA,NA,NA,NA,NA,NA,NA,NA,NA
"NA.868",NA,NA,NA,NA,NA,NA,NA,NA,NA,NA,NA,NA,NA
"NA.869",NA,NA,NA,NA,NA,NA,NA,NA,NA,NA,NA,NA,NA
"NA.870",NA,NA,NA,NA,NA,NA,NA,NA,NA,NA,NA,NA,NA
"NA.871",NA,NA,NA,NA,NA,NA,NA,NA,NA,NA,NA,NA,NA
"NA.872",NA,NA,NA,NA,NA,NA,NA,NA,NA,NA,NA,NA,NA
"NA.873",NA,NA,NA,NA,NA,NA,NA,NA,NA,NA,NA,NA,NA
"NA.874",NA,NA,NA,NA,NA,NA,NA,NA,NA,NA,NA,NA,NA
"NA.875",NA,NA,NA,NA,NA,NA,NA,NA,NA,NA,NA,NA,NA
"992","Adrian Gonzalez is old, hits lefty (so can‚Äôt platoon Dom with him, has not been good in years... and abandoned his‚Ä¶ https://t.co/QM1Gp9BElK","en",34,TRUE,62629,1085,6140,2820,"Eastern Time (US & Canada)","US","Manhattan, NY",40.780709,-73.9685415
"NA.876",NA,NA,NA,NA,NA,NA,NA,NA,NA,NA,NA,NA,NA
"994","@Glenn__Kenny Hot damn.","en",26,TRUE,32861,615,123232,503,"Eastern Time (US & Canada)","US","Brooklyn, NY",40.655138,-73.9487755
"NA.877",NA,NA,NA,NA,NA,NA,NA,NA,NA,NA,NA,NA,NA
"NA.878",NA,NA,NA,NA,NA,NA,NA,NA,NA,NA,NA,NA,NA
"NA.879",NA,NA,NA,NA,NA,NA,NA,NA,NA,NA,NA,NA,NA
"NA.880",NA,NA,NA,NA,NA,NA,NA,NA,NA,NA,NA,NA,NA
"NA.881",NA,NA,NA,NA,NA,NA,NA,NA,NA,NA,NA,NA,NA
"NA.882",NA,NA,NA,NA,NA,NA,NA,NA,NA,NA,NA,NA,NA
"NA.883",NA,NA,NA,NA,NA,NA,NA,NA,NA,NA,NA,NA,NA
"NA.884",NA,NA,NA,NA,NA,NA,NA,NA,NA,NA,NA,NA,NA
"NA.885",NA,NA,NA,NA,NA,NA,NA,NA,NA,NA,NA,NA,NA
"NA.886",NA,NA,NA,NA,NA,NA,NA,NA,NA,NA,NA,NA,NA
"NA.887",NA,NA,NA,NA,NA,NA,NA,NA,NA,NA,NA,NA,NA
"NA.888",NA,NA,NA,NA,NA,NA,NA,NA,NA,NA,NA,NA,NA
"NA.889",NA,NA,NA,NA,NA,NA,NA,NA,NA,NA,NA,NA,NA
"NA.890",NA,NA,NA,NA,NA,NA,NA,NA,NA,NA,NA,NA,NA
"NA.891",NA,NA,NA,NA,NA,NA,NA,NA,NA,NA,NA,NA,NA
"NA.892",NA,NA,NA,NA,NA,NA,NA,NA,NA,NA,NA,NA,NA
"NA.893",NA,NA,NA,NA,NA,NA,NA,NA,NA,NA,NA,NA,NA
"NA.894",NA,NA,NA,NA,NA,NA,NA,NA,NA,NA,NA,NA,NA
"NA.895",NA,NA,NA,NA,NA,NA,NA,NA,NA,NA,NA,NA,NA
"NA.896",NA,NA,NA,NA,NA,NA,NA,NA,NA,NA,NA,NA,NA
"NA.897",NA,NA,NA,NA,NA,NA,NA,NA,NA,NA,NA,NA,NA
"NA.898",NA,NA,NA,NA,NA,NA,NA,NA,NA,NA,NA,NA,NA
"NA.899",NA,NA,NA,NA,NA,NA,NA,NA,NA,NA,NA,NA,NA
"NA.900",NA,NA,NA,NA,NA,NA,NA,NA,NA,NA,NA,NA,NA
"NA.901",NA,NA,NA,NA,NA,NA,NA,NA,NA,NA,NA,NA,NA
"NA.902",NA,NA,NA,NA,NA,NA,NA,NA,NA,NA,NA,NA,NA
"NA.903",NA,NA,NA,NA,NA,NA,NA,NA,NA,NA,NA,NA,NA
"NA.904",NA,NA,NA,NA,NA,NA,NA,NA,NA,NA,NA,NA,NA
"NA.905",NA,NA,NA,NA,NA,NA,NA,NA,NA,NA,NA,NA,NA
"NA.906",NA,NA,NA,NA,NA,NA,NA,NA,NA,NA,NA,NA,NA
"NA.907",NA,NA,NA,NA,NA,NA,NA,NA,NA,NA,NA,NA,NA
"NA.908",NA,NA,NA,NA,NA,NA,NA,NA,NA,NA,NA,NA,NA
"NA.909",NA,NA,NA,NA,NA,NA,NA,NA,NA,NA,NA,NA,NA
"NA.910",NA,NA,NA,NA,NA,NA,NA,NA,NA,NA,NA,NA,NA
"NA.911",NA,NA,NA,NA,NA,NA,NA,NA,NA,NA,NA,NA,NA
"NA.912",NA,NA,NA,NA,NA,NA,NA,NA,NA,NA,NA,NA,NA
"1035","Big thanks to the fine folks at Kathryn Markel for including me in their group exhibition‚Ä¶ https://t.co/2IFd1asZG6","en",15,TRUE,232,214,16,153,"Eastern Time (US & Canada)","US","Manhattan, NY",40.780709,-73.9685415
"NA.913",NA,NA,NA,NA,NA,NA,NA,NA,NA,NA,NA,NA,NA
"NA.914",NA,NA,NA,NA,NA,NA,NA,NA,NA,NA,NA,NA,NA
"NA.915",NA,NA,NA,NA,NA,NA,NA,NA,NA,NA,NA,NA,NA
"NA.916",NA,NA,NA,NA,NA,NA,NA,NA,NA,NA,NA,NA,NA
"NA.917",NA,NA,NA,NA,NA,NA,NA,NA,NA,NA,NA,NA,NA
"NA.918",NA,NA,NA,NA,NA,NA,NA,NA,NA,NA,NA,NA,NA
"NA.919",NA,NA,NA,NA,NA,NA,NA,NA,NA,NA,NA,NA,NA
"NA.920",NA,NA,NA,NA,NA,NA,NA,NA,NA,NA,NA,NA,NA
"NA.921",NA,NA,NA,NA,NA,NA,NA,NA,NA,NA,NA,NA,NA
"NA.922",NA,NA,NA,NA,NA,NA,NA,NA,NA,NA,NA,NA,NA
"NA.923",NA,NA,NA,NA,NA,NA,NA,NA,NA,NA,NA,NA,NA
"NA.924",NA,NA,NA,NA,NA,NA,NA,NA,NA,NA,NA,NA,NA
"NA.925",NA,NA,NA,NA,NA,NA,NA,NA,NA,NA,NA,NA,NA
"NA.926",NA,NA,NA,NA,NA,NA,NA,NA,NA,NA,NA,NA,NA
"NA.927",NA,NA,NA,NA,NA,NA,NA,NA,NA,NA,NA,NA,NA
"NA.928",NA,NA,NA,NA,NA,NA,NA,NA,NA,NA,NA,NA,NA
"NA.929",NA,NA,NA,NA,NA,NA,NA,NA,NA,NA,NA,NA,NA
"NA.930",NA,NA,NA,NA,NA,NA,NA,NA,NA,NA,NA,NA,NA
"NA.931",NA,NA,NA,NA,NA,NA,NA,NA,NA,NA,NA,NA,NA
"NA.932",NA,NA,NA,NA,NA,NA,NA,NA,NA,NA,NA,NA,NA
"NA.933",NA,NA,NA,NA,NA,NA,NA,NA,NA,NA,NA,NA,NA
"NA.934",NA,NA,NA,NA,NA,NA,NA,NA,NA,NA,NA,NA,NA
"NA.935",NA,NA,NA,NA,NA,NA,NA,NA,NA,NA,NA,NA,NA
"NA.936",NA,NA,NA,NA,NA,NA,NA,NA,NA,NA,NA,NA,NA
"NA.937",NA,NA,NA,NA,NA,NA,NA,NA,NA,NA,NA,NA,NA
"NA.938",NA,NA,NA,NA,NA,NA,NA,NA,NA,NA,NA,NA,NA
"NA.939",NA,NA,NA,NA,NA,NA,NA,NA,NA,NA,NA,NA,NA
"NA.940",NA,NA,NA,NA,NA,NA,NA,NA,NA,NA,NA,NA,NA
"NA.941",NA,NA,NA,NA,NA,NA,NA,NA,NA,NA,NA,NA,NA
"NA.942",NA,NA,NA,NA,NA,NA,NA,NA,NA,NA,NA,NA,NA
"NA.943",NA,NA,NA,NA,NA,NA,NA,NA,NA,NA,NA,NA,NA
"1070","Honestly sometimes I wonder why I work so hard, who wants to be a butler with me? https://t.co/mKledFyJWk","en",0,TRUE,871,76,1120,134,"Pacific Time (US & Canada)","US","Queens, NY",40.6708795,-73.8311875
"NA.944",NA,NA,NA,NA,NA,NA,NA,NA,NA,NA,NA,NA,NA
"NA.945",NA,NA,NA,NA,NA,NA,NA,NA,NA,NA,NA,NA,NA
"NA.946",NA,NA,NA,NA,NA,NA,NA,NA,NA,NA,NA,NA,NA
"1074","65 in a 45
Let off with a warning
Merry Christmas to me man","en",0,TRUE,3484,737,4858,178,NA,"US","Medford, OR",42.343589,-122.8689885
"NA.947",NA,NA,NA,NA,NA,NA,NA,NA,NA,NA,NA,NA,NA
"NA.948",NA,NA,NA,NA,NA,NA,NA,NA,NA,NA,NA,NA,NA
"NA.949",NA,NA,NA,NA,NA,NA,NA,NA,NA,NA,NA,NA,NA
"NA.950",NA,NA,NA,NA,NA,NA,NA,NA,NA,NA,NA,NA,NA
"NA.951",NA,NA,NA,NA,NA,NA,NA,NA,NA,NA,NA,NA,NA
"NA.952",NA,NA,NA,NA,NA,NA,NA,NA,NA,NA,NA,NA,NA
"NA.953",NA,NA,NA,NA,NA,NA,NA,NA,NA,NA,NA,NA,NA
"NA.954",NA,NA,NA,NA,NA,NA,NA,NA,NA,NA,NA,NA,NA
"NA.955",NA,NA,NA,NA,NA,NA,NA,NA,NA,NA,NA,NA,NA
"1084","@supertiredd What‚Äôs your bosses‚Äô @","en",8,TRUE,17175,956,5623,457,"Eastern Time (US & Canada)","US","Manhattan, NY",40.780709,-73.9685415
"NA.956",NA,NA,NA,NA,NA,NA,NA,NA,NA,NA,NA,NA,NA
"NA.957",NA,NA,NA,NA,NA,NA,NA,NA,NA,NA,NA,NA,NA
"NA.958",NA,NA,NA,NA,NA,NA,NA,NA,NA,NA,NA,NA,NA
"NA.959",NA,NA,NA,NA,NA,NA,NA,NA,NA,NA,NA,NA,NA
"NA.960",NA,NA,NA,NA,NA,NA,NA,NA,NA,NA,NA,NA,NA
"1090","Puppet Yoda is way cooler than CGI Yoda","en",462,TRUE,15822,3475,20212,4716,"Eastern Time (US & Canada)","US","Manhattan, NY",40.780709,-73.9685415
"NA.961",NA,NA,NA,NA,NA,NA,NA,NA,NA,NA,NA,NA,NA
"NA.962",NA,NA,NA,NA,NA,NA,NA,NA,NA,NA,NA,NA,NA
"NA.963",NA,NA,NA,NA,NA,NA,NA,NA,NA,NA,NA,NA,NA
"NA.964",NA,NA,NA,NA,NA,NA,NA,NA,NA,NA,NA,NA,NA
"1095","@ConsMontana Niggas think salami ain‚Äôt made with the same scraps hotdogs is made with","en",17,TRUE,89835,4388,614,1475,"Eastern Time (US & Canada)","US","Manhattan, NY",40.780709,-73.9685415
"1096","WHAT I WALK HOME TO... #EarlyAdopters? https://t.co/2HFwisx96l","en",4,TRUE,552,157,897,314,NA,"US","Manhattan, NY",40.780709,-73.9685415
"1097","@realDonaldTrump We love you, Mr. President. I can‚Äôt even imagine how hard it‚Äôd be to do your job in these circumst‚Ä¶ https://t.co/I8VY3LOA99","en",845,TRUE,171542,42384,70988,26491,"Eastern Time (US & Canada)","US","Chesapeake, VA",36.7632155,-76.2958955
"NA.965",NA,NA,NA,NA,NA,NA,NA,NA,NA,NA,NA,NA,NA
"NA.966",NA,NA,NA,NA,NA,NA,NA,NA,NA,NA,NA,NA,NA
"1100","1 MILLI LESS THAN A DAY ‚ù§Ô∏è https://t.co/PmsXRzaV1V via @YouTube","en",10,TRUE,12956,16750,5326,426,"Eastern Time (US & Canada)","US","Manhattan, NY",40.780709,-73.9685415
"NA.967",NA,NA,NA,NA,NA,NA,NA,NA,NA,NA,NA,NA,NA
"NA.968",NA,NA,NA,NA,NA,NA,NA,NA,NA,NA,NA,NA,NA
"NA.969",NA,NA,NA,NA,NA,NA,NA,NA,NA,NA,NA,NA,NA
"NA.970",NA,NA,NA,NA,NA,NA,NA,NA,NA,NA,NA,NA,NA
"NA.971",NA,NA,NA,NA,NA,NA,NA,NA,NA,NA,NA,NA,NA
"NA.972",NA,NA,NA,NA,NA,NA,NA,NA,NA,NA,NA,NA,NA
"NA.973",NA,NA,NA,NA,NA,NA,NA,NA,NA,NA,NA,NA,NA
"NA.974",NA,NA,NA,NA,NA,NA,NA,NA,NA,NA,NA,NA,NA
"NA.975",NA,NA,NA,NA,NA,NA,NA,NA,NA,NA,NA,NA,NA
"1112","Oh boy https://t.co/nagcreE9ug","en",17,TRUE,65540,869,4805,1107,"Eastern Time (US & Canada)","US","Brooklyn, NY",40.655138,-73.9487755
"NA.976",NA,NA,NA,NA,NA,NA,NA,NA,NA,NA,NA,NA,NA
"1114","I feel like death","en",5,TRUE,20178,624,27142,808,NA,"US","West Bay Shore, NY",40.710158,-73.267673
"NA.977",NA,NA,NA,NA,NA,NA,NA,NA,NA,NA,NA,NA,NA
"NA.978",NA,NA,NA,NA,NA,NA,NA,NA,NA,NA,NA,NA,NA
"NA.979",NA,NA,NA,NA,NA,NA,NA,NA,NA,NA,NA,NA,NA
"NA.980",NA,NA,NA,NA,NA,NA,NA,NA,NA,NA,NA,NA,NA
"NA.981",NA,NA,NA,NA,NA,NA,NA,NA,NA,NA,NA,NA,NA
"NA.982",NA,NA,NA,NA,NA,NA,NA,NA,NA,NA,NA,NA,NA
"NA.983",NA,NA,NA,NA,NA,NA,NA,NA,NA,NA,NA,NA,NA
"NA.984",NA,NA,NA,NA,NA,NA,NA,NA,NA,NA,NA,NA,NA
"NA.985",NA,NA,NA,NA,NA,NA,NA,NA,NA,NA,NA,NA,NA
"NA.986",NA,NA,NA,NA,NA,NA,NA,NA,NA,NA,NA,NA,NA
"NA.987",NA,NA,NA,NA,NA,NA,NA,NA,NA,NA,NA,NA,NA
"NA.988",NA,NA,NA,NA,NA,NA,NA,NA,NA,NA,NA,NA,NA
"NA.989",NA,NA,NA,NA,NA,NA,NA,NA,NA,NA,NA,NA,NA
"NA.990",NA,NA,NA,NA,NA,NA,NA,NA,NA,NA,NA,NA,NA
"NA.991",NA,NA,NA,NA,NA,NA,NA,NA,NA,NA,NA,NA,NA
"NA.992",NA,NA,NA,NA,NA,NA,NA,NA,NA,NA,NA,NA,NA
"NA.993",NA,NA,NA,NA,NA,NA,NA,NA,NA,NA,NA,NA,NA
"NA.994",NA,NA,NA,NA,NA,NA,NA,NA,NA,NA,NA,NA,NA
"NA.995",NA,NA,NA,NA,NA,NA,NA,NA,NA,NA,NA,NA,NA
"NA.996",NA,NA,NA,NA,NA,NA,NA,NA,NA,NA,NA,NA,NA
"NA.997",NA,NA,NA,NA,NA,NA,NA,NA,NA,NA,NA,NA,NA
"NA.998",NA,NA,NA,NA,NA,NA,NA,NA,NA,NA,NA,NA,NA
"NA.999",NA,NA,NA,NA,NA,NA,NA,NA,NA,NA,NA,NA,NA
"NA.1000",NA,NA,NA,NA,NA,NA,NA,NA,NA,NA,NA,NA,NA
"NA.1001",NA,NA,NA,NA,NA,NA,NA,NA,NA,NA,NA,NA,NA
"NA.1002",NA,NA,NA,NA,NA,NA,NA,NA,NA,NA,NA,NA,NA
"NA.1003",NA,NA,NA,NA,NA,NA,NA,NA,NA,NA,NA,NA,NA
"NA.1004",NA,NA,NA,NA,NA,NA,NA,NA,NA,NA,NA,NA,NA
"NA.1005",NA,NA,NA,NA,NA,NA,NA,NA,NA,NA,NA,NA,NA
"NA.1006",NA,NA,NA,NA,NA,NA,NA,NA,NA,NA,NA,NA,NA
"NA.1007",NA,NA,NA,NA,NA,NA,NA,NA,NA,NA,NA,NA,NA
"NA.1008",NA,NA,NA,NA,NA,NA,NA,NA,NA,NA,NA,NA,NA
"NA.1009",NA,NA,NA,NA,NA,NA,NA,NA,NA,NA,NA,NA,NA
"NA.1010",NA,NA,NA,NA,NA,NA,NA,NA,NA,NA,NA,NA,NA
"NA.1011",NA,NA,NA,NA,NA,NA,NA,NA,NA,NA,NA,NA,NA
"NA.1012",NA,NA,NA,NA,NA,NA,NA,NA,NA,NA,NA,NA,NA
"NA.1013",NA,NA,NA,NA,NA,NA,NA,NA,NA,NA,NA,NA,NA
"NA.1014",NA,NA,NA,NA,NA,NA,NA,NA,NA,NA,NA,NA,NA
"NA.1015",NA,NA,NA,NA,NA,NA,NA,NA,NA,NA,NA,NA,NA
"NA.1016",NA,NA,NA,NA,NA,NA,NA,NA,NA,NA,NA,NA,NA
"NA.1017",NA,NA,NA,NA,NA,NA,NA,NA,NA,NA,NA,NA,NA
"NA.1018",NA,NA,NA,NA,NA,NA,NA,NA,NA,NA,NA,NA,NA
"NA.1019",NA,NA,NA,NA,NA,NA,NA,NA,NA,NA,NA,NA,NA
"NA.1020",NA,NA,NA,NA,NA,NA,NA,NA,NA,NA,NA,NA,NA
"NA.1021",NA,NA,NA,NA,NA,NA,NA,NA,NA,NA,NA,NA,NA
"NA.1022",NA,NA,NA,NA,NA,NA,NA,NA,NA,NA,NA,NA,NA
"NA.1023",NA,NA,NA,NA,NA,NA,NA,NA,NA,NA,NA,NA,NA
"NA.1024",NA,NA,NA,NA,NA,NA,NA,NA,NA,NA,NA,NA,NA
"NA.1025",NA,NA,NA,NA,NA,NA,NA,NA,NA,NA,NA,NA,NA
"NA.1026",NA,NA,NA,NA,NA,NA,NA,NA,NA,NA,NA,NA,NA
"NA.1027",NA,NA,NA,NA,NA,NA,NA,NA,NA,NA,NA,NA,NA
"NA.1028",NA,NA,NA,NA,NA,NA,NA,NA,NA,NA,NA,NA,NA
"NA.1029",NA,NA,NA,NA,NA,NA,NA,NA,NA,NA,NA,NA,NA
"NA.1030",NA,NA,NA,NA,NA,NA,NA,NA,NA,NA,NA,NA,NA
"NA.1031",NA,NA,NA,NA,NA,NA,NA,NA,NA,NA,NA,NA,NA
"NA.1032",NA,NA,NA,NA,NA,NA,NA,NA,NA,NA,NA,NA,NA
"NA.1033",NA,NA,NA,NA,NA,NA,NA,NA,NA,NA,NA,NA,NA
"NA.1034",NA,NA,NA,NA,NA,NA,NA,NA,NA,NA,NA,NA,NA
"NA.1035",NA,NA,NA,NA,NA,NA,NA,NA,NA,NA,NA,NA,NA
"NA.1036",NA,NA,NA,NA,NA,NA,NA,NA,NA,NA,NA,NA,NA
"NA.1037",NA,NA,NA,NA,NA,NA,NA,NA,NA,NA,NA,NA,NA
"NA.1038",NA,NA,NA,NA,NA,NA,NA,NA,NA,NA,NA,NA,NA
"NA.1039",NA,NA,NA,NA,NA,NA,NA,NA,NA,NA,NA,NA,NA
"NA.1040",NA,NA,NA,NA,NA,NA,NA,NA,NA,NA,NA,NA,NA
"NA.1041",NA,NA,NA,NA,NA,NA,NA,NA,NA,NA,NA,NA,NA
"NA.1042",NA,NA,NA,NA,NA,NA,NA,NA,NA,NA,NA,NA,NA
"NA.1043",NA,NA,NA,NA,NA,NA,NA,NA,NA,NA,NA,NA,NA
"NA.1044",NA,NA,NA,NA,NA,NA,NA,NA,NA,NA,NA,NA,NA
"NA.1045",NA,NA,NA,NA,NA,NA,NA,NA,NA,NA,NA,NA,NA
"NA.1046",NA,NA,NA,NA,NA,NA,NA,NA,NA,NA,NA,NA,NA
"NA.1047",NA,NA,NA,NA,NA,NA,NA,NA,NA,NA,NA,NA,NA
"1190","@eliaSoyYo Omg this is sooooooooo funnyÌ†æÌ¥£Ì†æÌ¥£Ì†æÌ¥£Ì†æÌ¥£Ì†æÌ¥£Ì†æÌ¥£Ì†æÌ¥£","en",0,TRUE,1823,52,424,59,NA,"US","Syosset, NY",40.81477,-73.5040475
"NA.1048",NA,NA,NA,NA,NA,NA,NA,NA,NA,NA,NA,NA,NA
"NA.1049",NA,NA,NA,NA,NA,NA,NA,NA,NA,NA,NA,NA,NA
"NA.1050",NA,NA,NA,NA,NA,NA,NA,NA,NA,NA,NA,NA,NA
"NA.1051",NA,NA,NA,NA,NA,NA,NA,NA,NA,NA,NA,NA,NA
"NA.1052",NA,NA,NA,NA,NA,NA,NA,NA,NA,NA,NA,NA,NA
"NA.1053",NA,NA,NA,NA,NA,NA,NA,NA,NA,NA,NA,NA,NA
"NA.1054",NA,NA,NA,NA,NA,NA,NA,NA,NA,NA,NA,NA,NA
"NA.1055",NA,NA,NA,NA,NA,NA,NA,NA,NA,NA,NA,NA,NA
"NA.1056",NA,NA,NA,NA,NA,NA,NA,NA,NA,NA,NA,NA,NA
"NA.1057",NA,NA,NA,NA,NA,NA,NA,NA,NA,NA,NA,NA,NA
"NA.1058",NA,NA,NA,NA,NA,NA,NA,NA,NA,NA,NA,NA,NA
"NA.1059",NA,NA,NA,NA,NA,NA,NA,NA,NA,NA,NA,NA,NA
"NA.1060",NA,NA,NA,NA,NA,NA,NA,NA,NA,NA,NA,NA,NA
"NA.1061",NA,NA,NA,NA,NA,NA,NA,NA,NA,NA,NA,NA,NA
"NA.1062",NA,NA,NA,NA,NA,NA,NA,NA,NA,NA,NA,NA,NA
"NA.1063",NA,NA,NA,NA,NA,NA,NA,NA,NA,NA,NA,NA,NA
"NA.1064",NA,NA,NA,NA,NA,NA,NA,NA,NA,NA,NA,NA,NA
"NA.1065",NA,NA,NA,NA,NA,NA,NA,NA,NA,NA,NA,NA,NA
"NA.1066",NA,NA,NA,NA,NA,NA,NA,NA,NA,NA,NA,NA,NA
"NA.1067",NA,NA,NA,NA,NA,NA,NA,NA,NA,NA,NA,NA,NA
"NA.1068",NA,NA,NA,NA,NA,NA,NA,NA,NA,NA,NA,NA,NA
"NA.1069",NA,NA,NA,NA,NA,NA,NA,NA,NA,NA,NA,NA,NA
"NA.1070",NA,NA,NA,NA,NA,NA,NA,NA,NA,NA,NA,NA,NA
"NA.1071",NA,NA,NA,NA,NA,NA,NA,NA,NA,NA,NA,NA,NA
"NA.1072",NA,NA,NA,NA,NA,NA,NA,NA,NA,NA,NA,NA,NA
"NA.1073",NA,NA,NA,NA,NA,NA,NA,NA,NA,NA,NA,NA,NA
"NA.1074",NA,NA,NA,NA,NA,NA,NA,NA,NA,NA,NA,NA,NA
"NA.1075",NA,NA,NA,NA,NA,NA,NA,NA,NA,NA,NA,NA,NA
"NA.1076",NA,NA,NA,NA,NA,NA,NA,NA,NA,NA,NA,NA,NA
"NA.1077",NA,NA,NA,NA,NA,NA,NA,NA,NA,NA,NA,NA,NA
"NA.1078",NA,NA,NA,NA,NA,NA,NA,NA,NA,NA,NA,NA,NA
"1226","Yo this shit gets me so tight! https://t.co/S8vsuxZyEL","en",4,TRUE,29661,698,9659,738,"Arizona","US","Bronx, NY",40.8503475,-73.8494415
"NA.1079",NA,NA,NA,NA,NA,NA,NA,NA,NA,NA,NA,NA,NA
"NA.1080",NA,NA,NA,NA,NA,NA,NA,NA,NA,NA,NA,NA,NA
"NA.1081",NA,NA,NA,NA,NA,NA,NA,NA,NA,NA,NA,NA,NA
"NA.1082",NA,NA,NA,NA,NA,NA,NA,NA,NA,NA,NA,NA,NA
"NA.1083",NA,NA,NA,NA,NA,NA,NA,NA,NA,NA,NA,NA,NA
"NA.1084",NA,NA,NA,NA,NA,NA,NA,NA,NA,NA,NA,NA,NA
"NA.1085",NA,NA,NA,NA,NA,NA,NA,NA,NA,NA,NA,NA,NA
"NA.1086",NA,NA,NA,NA,NA,NA,NA,NA,NA,NA,NA,NA,NA
"NA.1087",NA,NA,NA,NA,NA,NA,NA,NA,NA,NA,NA,NA,NA
"NA.1088",NA,NA,NA,NA,NA,NA,NA,NA,NA,NA,NA,NA,NA
"NA.1089",NA,NA,NA,NA,NA,NA,NA,NA,NA,NA,NA,NA,NA
"NA.1090",NA,NA,NA,NA,NA,NA,NA,NA,NA,NA,NA,NA,NA
"NA.1091",NA,NA,NA,NA,NA,NA,NA,NA,NA,NA,NA,NA,NA
"NA.1092",NA,NA,NA,NA,NA,NA,NA,NA,NA,NA,NA,NA,NA
"NA.1093",NA,NA,NA,NA,NA,NA,NA,NA,NA,NA,NA,NA,NA
"NA.1094",NA,NA,NA,NA,NA,NA,NA,NA,NA,NA,NA,NA,NA
"NA.1095",NA,NA,NA,NA,NA,NA,NA,NA,NA,NA,NA,NA,NA
"NA.1096",NA,NA,NA,NA,NA,NA,NA,NA,NA,NA,NA,NA,NA
"NA.1097",NA,NA,NA,NA,NA,NA,NA,NA,NA,NA,NA,NA,NA
"1246","not sure what cam &amp; i was thinking when we scheduled our wisdom teeth surgery around christmas","en",0,TRUE,9584,614,9666,372,NA,"US","Tennessee, USA",35.8305215,-85.9785995
"NA.1098",NA,NA,NA,NA,NA,NA,NA,NA,NA,NA,NA,NA,NA
"NA.1099",NA,NA,NA,NA,NA,NA,NA,NA,NA,NA,NA,NA,NA
"NA.1100",NA,NA,NA,NA,NA,NA,NA,NA,NA,NA,NA,NA,NA
"NA.1101",NA,NA,NA,NA,NA,NA,NA,NA,NA,NA,NA,NA,NA
"1251","Ready to unwrap your Ì†ºÌæÅ Ì†ΩÌ∏â#blessed #nyc #goodvibesonly #positiveenergy #positivevibes‚Ä¶ https://t.co/gNxxQlhTwx","en",0,TRUE,629,89,0,305,"Central Time (US & Canada)","US","Queens, NY",40.6708795,-73.8311875
"NA.1102",NA,NA,NA,NA,NA,NA,NA,NA,NA,NA,NA,NA,NA
"NA.1103",NA,NA,NA,NA,NA,NA,NA,NA,NA,NA,NA,NA,NA
"NA.1104",NA,NA,NA,NA,NA,NA,NA,NA,NA,NA,NA,NA,NA
"1255","Christmas shopping is so difficult for me because I‚Äôm constantly finding things FOR MYSELF Ì†æÌ¥¶Ì†ºÌøæ‚Äç‚ôÄÔ∏è","en",2,TRUE,6470,650,7963,589,NA,"US","Detroit, MI",42.3527865,-83.099288
"NA.1105",NA,NA,NA,NA,NA,NA,NA,NA,NA,NA,NA,NA,NA
"NA.1106",NA,NA,NA,NA,NA,NA,NA,NA,NA,NA,NA,NA,NA
"NA.1107",NA,NA,NA,NA,NA,NA,NA,NA,NA,NA,NA,NA,NA
"NA.1108",NA,NA,NA,NA,NA,NA,NA,NA,NA,NA,NA,NA,NA
"NA.1109",NA,NA,NA,NA,NA,NA,NA,NA,NA,NA,NA,NA,NA
"NA.1110",NA,NA,NA,NA,NA,NA,NA,NA,NA,NA,NA,NA,NA
"NA.1111",NA,NA,NA,NA,NA,NA,NA,NA,NA,NA,NA,NA,NA
"NA.1112",NA,NA,NA,NA,NA,NA,NA,NA,NA,NA,NA,NA,NA
"NA.1113",NA,NA,NA,NA,NA,NA,NA,NA,NA,NA,NA,NA,NA
"NA.1114",NA,NA,NA,NA,NA,NA,NA,NA,NA,NA,NA,NA,NA
"NA.1115",NA,NA,NA,NA,NA,NA,NA,NA,NA,NA,NA,NA,NA
"NA.1116",NA,NA,NA,NA,NA,NA,NA,NA,NA,NA,NA,NA,NA
"NA.1117",NA,NA,NA,NA,NA,NA,NA,NA,NA,NA,NA,NA,NA
"1271","the closest I‚Äôll ever come to a disco experience my parents would be proud of https://t.co/xUPuZPtjsr","en",15,TRUE,12945,798,5757,728,"Eastern Time (US & Canada)","US","Brooklyn Steel",40.719333,-73.938849
"NA.1118",NA,NA,NA,NA,NA,NA,NA,NA,NA,NA,NA,NA,NA
"NA.1119",NA,NA,NA,NA,NA,NA,NA,NA,NA,NA,NA,NA,NA
"NA.1120",NA,NA,NA,NA,NA,NA,NA,NA,NA,NA,NA,NA,NA
"NA.1121",NA,NA,NA,NA,NA,NA,NA,NA,NA,NA,NA,NA,NA
"NA.1122",NA,NA,NA,NA,NA,NA,NA,NA,NA,NA,NA,NA,NA
"NA.1123",NA,NA,NA,NA,NA,NA,NA,NA,NA,NA,NA,NA,NA
"NA.1124",NA,NA,NA,NA,NA,NA,NA,NA,NA,NA,NA,NA,NA
"1281","DANCE. #lcdsoundsystem @ Brooklyn Steel https://t.co/1obH12fnvm","en",75,TRUE,12060,20417,7079,1785,"Lima","US","Brooklyn, NY",40.655138,-73.9487755
"NA.1125",NA,NA,NA,NA,NA,NA,NA,NA,NA,NA,NA,NA,NA
"NA.1126",NA,NA,NA,NA,NA,NA,NA,NA,NA,NA,NA,NA,NA
"NA.1127",NA,NA,NA,NA,NA,NA,NA,NA,NA,NA,NA,NA,NA
"NA.1128",NA,NA,NA,NA,NA,NA,NA,NA,NA,NA,NA,NA,NA
"NA.1129",NA,NA,NA,NA,NA,NA,NA,NA,NA,NA,NA,NA,NA
"NA.1130",NA,NA,NA,NA,NA,NA,NA,NA,NA,NA,NA,NA,NA
"NA.1131",NA,NA,NA,NA,NA,NA,NA,NA,NA,NA,NA,NA,NA
"NA.1132",NA,NA,NA,NA,NA,NA,NA,NA,NA,NA,NA,NA,NA
"NA.1133",NA,NA,NA,NA,NA,NA,NA,NA,NA,NA,NA,NA,NA
"NA.1134",NA,NA,NA,NA,NA,NA,NA,NA,NA,NA,NA,NA,NA
"NA.1135",NA,NA,NA,NA,NA,NA,NA,NA,NA,NA,NA,NA,NA
"1294","The Dolls @ ALL DOLLED UP HAIR STUDIO! CHRISTMAS PARTY@ The Emporium @ South Bend, Indiana https://t.co/4aFRfwfikR","en",0,TRUE,113,30,4646,63,NA,"US","South Bend, IN",41.6796555,-86.290863
"NA.1136",NA,NA,NA,NA,NA,NA,NA,NA,NA,NA,NA,NA,NA
"NA.1137",NA,NA,NA,NA,NA,NA,NA,NA,NA,NA,NA,NA,NA
"NA.1138",NA,NA,NA,NA,NA,NA,NA,NA,NA,NA,NA,NA,NA
"NA.1139",NA,NA,NA,NA,NA,NA,NA,NA,NA,NA,NA,NA,NA
"NA.1140",NA,NA,NA,NA,NA,NA,NA,NA,NA,NA,NA,NA,NA
"NA.1141",NA,NA,NA,NA,NA,NA,NA,NA,NA,NA,NA,NA,NA
"NA.1142",NA,NA,NA,NA,NA,NA,NA,NA,NA,NA,NA,NA,NA
"NA.1143",NA,NA,NA,NA,NA,NA,NA,NA,NA,NA,NA,NA,NA
"NA.1144",NA,NA,NA,NA,NA,NA,NA,NA,NA,NA,NA,NA,NA
"NA.1145",NA,NA,NA,NA,NA,NA,NA,NA,NA,NA,NA,NA,NA
"NA.1146",NA,NA,NA,NA,NA,NA,NA,NA,NA,NA,NA,NA,NA
"NA.1147",NA,NA,NA,NA,NA,NA,NA,NA,NA,NA,NA,NA,NA
"NA.1148",NA,NA,NA,NA,NA,NA,NA,NA,NA,NA,NA,NA,NA
"NA.1149",NA,NA,NA,NA,NA,NA,NA,NA,NA,NA,NA,NA,NA
"NA.1150",NA,NA,NA,NA,NA,NA,NA,NA,NA,NA,NA,NA,NA
"NA.1151",NA,NA,NA,NA,NA,NA,NA,NA,NA,NA,NA,NA,NA
"NA.1152",NA,NA,NA,NA,NA,NA,NA,NA,NA,NA,NA,NA,NA
"NA.1153",NA,NA,NA,NA,NA,NA,NA,NA,NA,NA,NA,NA,NA
"NA.1154",NA,NA,NA,NA,NA,NA,NA,NA,NA,NA,NA,NA,NA
"NA.1155",NA,NA,NA,NA,NA,NA,NA,NA,NA,NA,NA,NA,NA
"NA.1156",NA,NA,NA,NA,NA,NA,NA,NA,NA,NA,NA,NA,NA
"NA.1157",NA,NA,NA,NA,NA,NA,NA,NA,NA,NA,NA,NA,NA
"NA.1158",NA,NA,NA,NA,NA,NA,NA,NA,NA,NA,NA,NA,NA
"NA.1159",NA,NA,NA,NA,NA,NA,NA,NA,NA,NA,NA,NA,NA
"NA.1160",NA,NA,NA,NA,NA,NA,NA,NA,NA,NA,NA,NA,NA
"NA.1161",NA,NA,NA,NA,NA,NA,NA,NA,NA,NA,NA,NA,NA
"1323","Howwww is it that Christmas is a week away and it feels like there is a list of 1,000 things to‚Ä¶ https://t.co/ntp0zT6IcD","en",6,TRUE,1669,1140,454,436,"Pacific Time (US & Canada)","US","Seattle, WA",47.614817,-122.3306025
"NA.1162",NA,NA,NA,NA,NA,NA,NA,NA,NA,NA,NA,NA,NA
"NA.1163",NA,NA,NA,NA,NA,NA,NA,NA,NA,NA,NA,NA,NA
"NA.1164",NA,NA,NA,NA,NA,NA,NA,NA,NA,NA,NA,NA,NA
"NA.1165",NA,NA,NA,NA,NA,NA,NA,NA,NA,NA,NA,NA,NA
"NA.1166",NA,NA,NA,NA,NA,NA,NA,NA,NA,NA,NA,NA,NA
"NA.1167",NA,NA,NA,NA,NA,NA,NA,NA,NA,NA,NA,NA,NA
"NA.1168",NA,NA,NA,NA,NA,NA,NA,NA,NA,NA,NA,NA,NA
"NA.1169",NA,NA,NA,NA,NA,NA,NA,NA,NA,NA,NA,NA,NA
"NA.1170",NA,NA,NA,NA,NA,NA,NA,NA,NA,NA,NA,NA,NA
"NA.1171",NA,NA,NA,NA,NA,NA,NA,NA,NA,NA,NA,NA,NA
"1335","Cuomo not committed to signing bill to more easily give contracts to businesses owned by women, minorities https://t.co/krpcU4gTAr","en",40,TRUE,1545,1225,1540,401,"Pacific Time (US & Canada)","US","Queens, NY",40.6708795,-73.8311875
"NA.1172",NA,NA,NA,NA,NA,NA,NA,NA,NA,NA,NA,NA,NA
"NA.1173",NA,NA,NA,NA,NA,NA,NA,NA,NA,NA,NA,NA,NA
"NA.1174",NA,NA,NA,NA,NA,NA,NA,NA,NA,NA,NA,NA,NA
"NA.1175",NA,NA,NA,NA,NA,NA,NA,NA,NA,NA,NA,NA,NA
"NA.1176",NA,NA,NA,NA,NA,NA,NA,NA,NA,NA,NA,NA,NA
"NA.1177",NA,NA,NA,NA,NA,NA,NA,NA,NA,NA,NA,NA,NA
"NA.1178",NA,NA,NA,NA,NA,NA,NA,NA,NA,NA,NA,NA,NA
"NA.1179",NA,NA,NA,NA,NA,NA,NA,NA,NA,NA,NA,NA,NA
"1344","I also saw Lloyd and was like why would you be at something like this","en",39,TRUE,80,1108,45173,1343,"Eastern Time (US & Canada)","US","Brooklyn, NY",40.655138,-73.9487755
"NA.1180",NA,NA,NA,NA,NA,NA,NA,NA,NA,NA,NA,NA,NA
"1347","My bill A8508 with @NY31Alcantara awaits our Governor‚Äôs signature...","en",40,TRUE,1546,1225,1540,401,"Pacific Time (US & Canada)","US","Queens, NY",40.6708795,-73.8311875
"NA.1181",NA,NA,NA,NA,NA,NA,NA,NA,NA,NA,NA,NA,NA
"NA.1182",NA,NA,NA,NA,NA,NA,NA,NA,NA,NA,NA,NA,NA
"NA.1183",NA,NA,NA,NA,NA,NA,NA,NA,NA,NA,NA,NA,NA
"NA.1184",NA,NA,NA,NA,NA,NA,NA,NA,NA,NA,NA,NA,NA
"1354","I asked my mom for a hamper for Christmas. That‚Äôs how adult I am. A hamper...","en",9,TRUE,9193,316,2837,293,"Alaska","US","Los Angeles, CA",34.0207895,-118.4119065
"NA.1185",NA,NA,NA,NA,NA,NA,NA,NA,NA,NA,NA,NA,NA
"NA.1186",NA,NA,NA,NA,NA,NA,NA,NA,NA,NA,NA,NA,NA
"NA.1187",NA,NA,NA,NA,NA,NA,NA,NA,NA,NA,NA,NA,NA
"NA.1188",NA,NA,NA,NA,NA,NA,NA,NA,NA,NA,NA,NA,NA
"NA.1189",NA,NA,NA,NA,NA,NA,NA,NA,NA,NA,NA,NA,NA
"NA.1190",NA,NA,NA,NA,NA,NA,NA,NA,NA,NA,NA,NA,NA
"NA.1191",NA,NA,NA,NA,NA,NA,NA,NA,NA,NA,NA,NA,NA
"NA.1192",NA,NA,NA,NA,NA,NA,NA,NA,NA,NA,NA,NA,NA
"NA.1193",NA,NA,NA,NA,NA,NA,NA,NA,NA,NA,NA,NA,NA
"NA.1194",NA,NA,NA,NA,NA,NA,NA,NA,NA,NA,NA,NA,NA
"NA.1195",NA,NA,NA,NA,NA,NA,NA,NA,NA,NA,NA,NA,NA
"NA.1196",NA,NA,NA,NA,NA,NA,NA,NA,NA,NA,NA,NA,NA
"NA.1197",NA,NA,NA,NA,NA,NA,NA,NA,NA,NA,NA,NA,NA
"NA.1198",NA,NA,NA,NA,NA,NA,NA,NA,NA,NA,NA,NA,NA
"NA.1199",NA,NA,NA,NA,NA,NA,NA,NA,NA,NA,NA,NA,NA
"NA.1200",NA,NA,NA,NA,NA,NA,NA,NA,NA,NA,NA,NA,NA
"NA.1201",NA,NA,NA,NA,NA,NA,NA,NA,NA,NA,NA,NA,NA
"NA.1202",NA,NA,NA,NA,NA,NA,NA,NA,NA,NA,NA,NA,NA
"NA.1203",NA,NA,NA,NA,NA,NA,NA,NA,NA,NA,NA,NA,NA
"NA.1204",NA,NA,NA,NA,NA,NA,NA,NA,NA,NA,NA,NA,NA
"NA.1205",NA,NA,NA,NA,NA,NA,NA,NA,NA,NA,NA,NA,NA
"NA.1206",NA,NA,NA,NA,NA,NA,NA,NA,NA,NA,NA,NA,NA
"1378","legit Ì†ΩÌ∏©Ì†ΩÌ∏Ç https://t.co/TMzw06eyfe","en",10,TRUE,11636,7742,449,6772,NA,"US","New York, USA",42.746617,-75.770041
"NA.1207",NA,NA,NA,NA,NA,NA,NA,NA,NA,NA,NA,NA,NA
"NA.1208",NA,NA,NA,NA,NA,NA,NA,NA,NA,NA,NA,NA,NA
"NA.1209",NA,NA,NA,NA,NA,NA,NA,NA,NA,NA,NA,NA,NA
"NA.1210",NA,NA,NA,NA,NA,NA,NA,NA,NA,NA,NA,NA,NA
"NA.1211",NA,NA,NA,NA,NA,NA,NA,NA,NA,NA,NA,NA,NA
"NA.1212",NA,NA,NA,NA,NA,NA,NA,NA,NA,NA,NA,NA,NA
"NA.1213",NA,NA,NA,NA,NA,NA,NA,NA,NA,NA,NA,NA,NA
"NA.1214",NA,NA,NA,NA,NA,NA,NA,NA,NA,NA,NA,NA,NA
"NA.1215",NA,NA,NA,NA,NA,NA,NA,NA,NA,NA,NA,NA,NA
"NA.1216",NA,NA,NA,NA,NA,NA,NA,NA,NA,NA,NA,NA,NA
"NA.1217",NA,NA,NA,NA,NA,NA,NA,NA,NA,NA,NA,NA,NA
"NA.1218",NA,NA,NA,NA,NA,NA,NA,NA,NA,NA,NA,NA,NA
"NA.1219",NA,NA,NA,NA,NA,NA,NA,NA,NA,NA,NA,NA,NA
"1392","Getting ready 2 Spread #grattitude &amp; Christmas Cheer to @memorialhermann #memorialhermancypress 4 sponsoring‚Ä¶ https://t.co/U6Bh5dxaAC","en",30,TRUE,2189,630,3957,1253,NA,"US","Texas, USA",31.1688935,-100.0768885
"NA.1220",NA,NA,NA,NA,NA,NA,NA,NA,NA,NA,NA,NA,NA
"NA.1221",NA,NA,NA,NA,NA,NA,NA,NA,NA,NA,NA,NA,NA
"NA.1222",NA,NA,NA,NA,NA,NA,NA,NA,NA,NA,NA,NA,NA
"NA.1223",NA,NA,NA,NA,NA,NA,NA,NA,NA,NA,NA,NA,NA
"NA.1224",NA,NA,NA,NA,NA,NA,NA,NA,NA,NA,NA,NA,NA
"NA.1225",NA,NA,NA,NA,NA,NA,NA,NA,NA,NA,NA,NA,NA
"NA.1226",NA,NA,NA,NA,NA,NA,NA,NA,NA,NA,NA,NA,NA
"NA.1227",NA,NA,NA,NA,NA,NA,NA,NA,NA,NA,NA,NA,NA
"NA.1228",NA,NA,NA,NA,NA,NA,NA,NA,NA,NA,NA,NA,NA
"NA.1229",NA,NA,NA,NA,NA,NA,NA,NA,NA,NA,NA,NA,NA
"NA.1230",NA,NA,NA,NA,NA,NA,NA,NA,NA,NA,NA,NA,NA
"NA.1231",NA,NA,NA,NA,NA,NA,NA,NA,NA,NA,NA,NA,NA
"NA.1232",NA,NA,NA,NA,NA,NA,NA,NA,NA,NA,NA,NA,NA
"NA.1233",NA,NA,NA,NA,NA,NA,NA,NA,NA,NA,NA,NA,NA
"NA.1234",NA,NA,NA,NA,NA,NA,NA,NA,NA,NA,NA,NA,NA
"NA.1235",NA,NA,NA,NA,NA,NA,NA,NA,NA,NA,NA,NA,NA
"NA.1236",NA,NA,NA,NA,NA,NA,NA,NA,NA,NA,NA,NA,NA
"1413","@The_DannyMac It just played for me streaming in browser, it‚Äôs also on @YouTube 
https://t.co/UFhHMi6qo3","en",363,TRUE,23562,10300,29511,9486,NA,"US","Copiague, NY",40.674621,-73.3921075
"NA.1237",NA,NA,NA,NA,NA,NA,NA,NA,NA,NA,NA,NA,NA
"NA.1238",NA,NA,NA,NA,NA,NA,NA,NA,NA,NA,NA,NA,NA
"NA.1239",NA,NA,NA,NA,NA,NA,NA,NA,NA,NA,NA,NA,NA
"NA.1240",NA,NA,NA,NA,NA,NA,NA,NA,NA,NA,NA,NA,NA
"NA.1241",NA,NA,NA,NA,NA,NA,NA,NA,NA,NA,NA,NA,NA
"NA.1242",NA,NA,NA,NA,NA,NA,NA,NA,NA,NA,NA,NA,NA
"NA.1243",NA,NA,NA,NA,NA,NA,NA,NA,NA,NA,NA,NA,NA
"NA.1244",NA,NA,NA,NA,NA,NA,NA,NA,NA,NA,NA,NA,NA
"NA.1245",NA,NA,NA,NA,NA,NA,NA,NA,NA,NA,NA,NA,NA
"NA.1246",NA,NA,NA,NA,NA,NA,NA,NA,NA,NA,NA,NA,NA
"NA.1247",NA,NA,NA,NA,NA,NA,NA,NA,NA,NA,NA,NA,NA
"NA.1248",NA,NA,NA,NA,NA,NA,NA,NA,NA,NA,NA,NA,NA
"NA.1249",NA,NA,NA,NA,NA,NA,NA,NA,NA,NA,NA,NA,NA
"NA.1250",NA,NA,NA,NA,NA,NA,NA,NA,NA,NA,NA,NA,NA
"NA.1251",NA,NA,NA,NA,NA,NA,NA,NA,NA,NA,NA,NA,NA
"NA.1252",NA,NA,NA,NA,NA,NA,NA,NA,NA,NA,NA,NA,NA
"NA.1253",NA,NA,NA,NA,NA,NA,NA,NA,NA,NA,NA,NA,NA
"NA.1254",NA,NA,NA,NA,NA,NA,NA,NA,NA,NA,NA,NA,NA
"NA.1255",NA,NA,NA,NA,NA,NA,NA,NA,NA,NA,NA,NA,NA
"NA.1256",NA,NA,NA,NA,NA,NA,NA,NA,NA,NA,NA,NA,NA
"NA.1257",NA,NA,NA,NA,NA,NA,NA,NA,NA,NA,NA,NA,NA
"NA.1258",NA,NA,NA,NA,NA,NA,NA,NA,NA,NA,NA,NA,NA
"NA.1259",NA,NA,NA,NA,NA,NA,NA,NA,NA,NA,NA,NA,NA
"NA.1260",NA,NA,NA,NA,NA,NA,NA,NA,NA,NA,NA,NA,NA
"NA.1261",NA,NA,NA,NA,NA,NA,NA,NA,NA,NA,NA,NA,NA
"NA.1262",NA,NA,NA,NA,NA,NA,NA,NA,NA,NA,NA,NA,NA
"NA.1263",NA,NA,NA,NA,NA,NA,NA,NA,NA,NA,NA,NA,NA
"NA.1264",NA,NA,NA,NA,NA,NA,NA,NA,NA,NA,NA,NA,NA
"NA.1265",NA,NA,NA,NA,NA,NA,NA,NA,NA,NA,NA,NA,NA
"NA.1266",NA,NA,NA,NA,NA,NA,NA,NA,NA,NA,NA,NA,NA
"NA.1267",NA,NA,NA,NA,NA,NA,NA,NA,NA,NA,NA,NA,NA
"NA.1268",NA,NA,NA,NA,NA,NA,NA,NA,NA,NA,NA,NA,NA
"NA.1269",NA,NA,NA,NA,NA,NA,NA,NA,NA,NA,NA,NA,NA
"NA.1270",NA,NA,NA,NA,NA,NA,NA,NA,NA,NA,NA,NA,NA
"NA.1271",NA,NA,NA,NA,NA,NA,NA,NA,NA,NA,NA,NA,NA
"NA.1272",NA,NA,NA,NA,NA,NA,NA,NA,NA,NA,NA,NA,NA
"NA.1273",NA,NA,NA,NA,NA,NA,NA,NA,NA,NA,NA,NA,NA
"NA.1274",NA,NA,NA,NA,NA,NA,NA,NA,NA,NA,NA,NA,NA
"1457","@ DaniNeckDeep i miss u","en",16,TRUE,31693,873,25311,326,"Pacific Time (US & Canada)","US","East Northport, NY",40.881215,-73.320828
"NA.1275",NA,NA,NA,NA,NA,NA,NA,NA,NA,NA,NA,NA,NA
"NA.1276",NA,NA,NA,NA,NA,NA,NA,NA,NA,NA,NA,NA,NA
"NA.1277",NA,NA,NA,NA,NA,NA,NA,NA,NA,NA,NA,NA,NA
"NA.1278",NA,NA,NA,NA,NA,NA,NA,NA,NA,NA,NA,NA,NA
"1462","If 2018 is gonna be as lit as 2017 was for me I can‚Äôt wait till we get started on it. Ì†ΩÌπèÌ†ºÌøº","en",13,TRUE,21099,440,738,316,"Quito","US","Bronx, NY",40.8503475,-73.8494415
"NA.1279",NA,NA,NA,NA,NA,NA,NA,NA,NA,NA,NA,NA,NA
"NA.1280",NA,NA,NA,NA,NA,NA,NA,NA,NA,NA,NA,NA,NA
"NA.1281",NA,NA,NA,NA,NA,NA,NA,NA,NA,NA,NA,NA,NA
"NA.1282",NA,NA,NA,NA,NA,NA,NA,NA,NA,NA,NA,NA,NA
"NA.1283",NA,NA,NA,NA,NA,NA,NA,NA,NA,NA,NA,NA,NA
"NA.1284",NA,NA,NA,NA,NA,NA,NA,NA,NA,NA,NA,NA,NA
"NA.1285",NA,NA,NA,NA,NA,NA,NA,NA,NA,NA,NA,NA,NA
"NA.1286",NA,NA,NA,NA,NA,NA,NA,NA,NA,NA,NA,NA,NA
"NA.1287",NA,NA,NA,NA,NA,NA,NA,NA,NA,NA,NA,NA,NA
"NA.1288",NA,NA,NA,NA,NA,NA,NA,NA,NA,NA,NA,NA,NA
"NA.1289",NA,NA,NA,NA,NA,NA,NA,NA,NA,NA,NA,NA,NA
"NA.1290",NA,NA,NA,NA,NA,NA,NA,NA,NA,NA,NA,NA,NA
"NA.1291",NA,NA,NA,NA,NA,NA,NA,NA,NA,NA,NA,NA,NA
"NA.1292",NA,NA,NA,NA,NA,NA,NA,NA,NA,NA,NA,NA,NA
"NA.1293",NA,NA,NA,NA,NA,NA,NA,NA,NA,NA,NA,NA,NA
"1478","@ericLefunk But wheres the fuckin riddim","en",5,TRUE,1958,344,3363,1146,"Eastern Time (US & Canada)","US","Manhattan, NY",40.780709,-73.9685415
"NA.1294",NA,NA,NA,NA,NA,NA,NA,NA,NA,NA,NA,NA,NA
"NA.1295",NA,NA,NA,NA,NA,NA,NA,NA,NA,NA,NA,NA,NA
"NA.1296",NA,NA,NA,NA,NA,NA,NA,NA,NA,NA,NA,NA,NA
"NA.1297",NA,NA,NA,NA,NA,NA,NA,NA,NA,NA,NA,NA,NA
"1483","D E A D A S S ‚ùóÔ∏è https://t.co/DF6plGIHRI","en",11,TRUE,58549,545,1639,383,"Eastern Time (US & Canada)","US","Manhattan, NY",40.780709,-73.9685415
"NA.1298",NA,NA,NA,NA,NA,NA,NA,NA,NA,NA,NA,NA,NA
"NA.1299",NA,NA,NA,NA,NA,NA,NA,NA,NA,NA,NA,NA,NA
"NA.1300",NA,NA,NA,NA,NA,NA,NA,NA,NA,NA,NA,NA,NA
"NA.1301",NA,NA,NA,NA,NA,NA,NA,NA,NA,NA,NA,NA,NA
"NA.1302",NA,NA,NA,NA,NA,NA,NA,NA,NA,NA,NA,NA,NA
"NA.1303",NA,NA,NA,NA,NA,NA,NA,NA,NA,NA,NA,NA,NA
"NA.1304",NA,NA,NA,NA,NA,NA,NA,NA,NA,NA,NA,NA,NA
"NA.1305",NA,NA,NA,NA,NA,NA,NA,NA,NA,NA,NA,NA,NA
"NA.1306",NA,NA,NA,NA,NA,NA,NA,NA,NA,NA,NA,NA,NA
"NA.1307",NA,NA,NA,NA,NA,NA,NA,NA,NA,NA,NA,NA,NA
"NA.1308",NA,NA,NA,NA,NA,NA,NA,NA,NA,NA,NA,NA,NA
"NA.1309",NA,NA,NA,NA,NA,NA,NA,NA,NA,NA,NA,NA,NA
"NA.1310",NA,NA,NA,NA,NA,NA,NA,NA,NA,NA,NA,NA,NA
"NA.1311",NA,NA,NA,NA,NA,NA,NA,NA,NA,NA,NA,NA,NA
"NA.1312",NA,NA,NA,NA,NA,NA,NA,NA,NA,NA,NA,NA,NA
"NA.1313",NA,NA,NA,NA,NA,NA,NA,NA,NA,NA,NA,NA,NA
"NA.1314",NA,NA,NA,NA,NA,NA,NA,NA,NA,NA,NA,NA,NA
"NA.1315",NA,NA,NA,NA,NA,NA,NA,NA,NA,NA,NA,NA,NA
"NA.1316",NA,NA,NA,NA,NA,NA,NA,NA,NA,NA,NA,NA,NA
"NA.1317",NA,NA,NA,NA,NA,NA,NA,NA,NA,NA,NA,NA,NA
"NA.1318",NA,NA,NA,NA,NA,NA,NA,NA,NA,NA,NA,NA,NA
"NA.1319",NA,NA,NA,NA,NA,NA,NA,NA,NA,NA,NA,NA,NA
"NA.1320",NA,NA,NA,NA,NA,NA,NA,NA,NA,NA,NA,NA,NA
"NA.1321",NA,NA,NA,NA,NA,NA,NA,NA,NA,NA,NA,NA,NA
"NA.1322",NA,NA,NA,NA,NA,NA,NA,NA,NA,NA,NA,NA,NA
"NA.1323",NA,NA,NA,NA,NA,NA,NA,NA,NA,NA,NA,NA,NA
"NA.1324",NA,NA,NA,NA,NA,NA,NA,NA,NA,NA,NA,NA,NA
"NA.1325",NA,NA,NA,NA,NA,NA,NA,NA,NA,NA,NA,NA,NA
"NA.1326",NA,NA,NA,NA,NA,NA,NA,NA,NA,NA,NA,NA,NA
"NA.1327",NA,NA,NA,NA,NA,NA,NA,NA,NA,NA,NA,NA,NA
"NA.1328",NA,NA,NA,NA,NA,NA,NA,NA,NA,NA,NA,NA,NA
"NA.1329",NA,NA,NA,NA,NA,NA,NA,NA,NA,NA,NA,NA,NA
"NA.1330",NA,NA,NA,NA,NA,NA,NA,NA,NA,NA,NA,NA,NA
"NA.1331",NA,NA,NA,NA,NA,NA,NA,NA,NA,NA,NA,NA,NA
"NA.1332",NA,NA,NA,NA,NA,NA,NA,NA,NA,NA,NA,NA,NA
"NA.1333",NA,NA,NA,NA,NA,NA,NA,NA,NA,NA,NA,NA,NA
"NA.1334",NA,NA,NA,NA,NA,NA,NA,NA,NA,NA,NA,NA,NA
"NA.1335",NA,NA,NA,NA,NA,NA,NA,NA,NA,NA,NA,NA,NA
"NA.1336",NA,NA,NA,NA,NA,NA,NA,NA,NA,NA,NA,NA,NA
"NA.1337",NA,NA,NA,NA,NA,NA,NA,NA,NA,NA,NA,NA,NA
"NA.1338",NA,NA,NA,NA,NA,NA,NA,NA,NA,NA,NA,NA,NA
"NA.1339",NA,NA,NA,NA,NA,NA,NA,NA,NA,NA,NA,NA,NA
"NA.1340",NA,NA,NA,NA,NA,NA,NA,NA,NA,NA,NA,NA,NA
"NA.1341",NA,NA,NA,NA,NA,NA,NA,NA,NA,NA,NA,NA,NA
"NA.1342",NA,NA,NA,NA,NA,NA,NA,NA,NA,NA,NA,NA,NA
"NA.1343",NA,NA,NA,NA,NA,NA,NA,NA,NA,NA,NA,NA,NA
"NA.1344",NA,NA,NA,NA,NA,NA,NA,NA,NA,NA,NA,NA,NA
"NA.1345",NA,NA,NA,NA,NA,NA,NA,NA,NA,NA,NA,NA,NA
"NA.1346",NA,NA,NA,NA,NA,NA,NA,NA,NA,NA,NA,NA,NA
"NA.1347",NA,NA,NA,NA,NA,NA,NA,NA,NA,NA,NA,NA,NA
"NA.1348",NA,NA,NA,NA,NA,NA,NA,NA,NA,NA,NA,NA,NA
"NA.1349",NA,NA,NA,NA,NA,NA,NA,NA,NA,NA,NA,NA,NA
"NA.1350",NA,NA,NA,NA,NA,NA,NA,NA,NA,NA,NA,NA,NA
"NA.1351",NA,NA,NA,NA,NA,NA,NA,NA,NA,NA,NA,NA,NA
"NA.1352",NA,NA,NA,NA,NA,NA,NA,NA,NA,NA,NA,NA,NA
"NA.1353",NA,NA,NA,NA,NA,NA,NA,NA,NA,NA,NA,NA,NA
"NA.1354",NA,NA,NA,NA,NA,NA,NA,NA,NA,NA,NA,NA,NA
"NA.1355",NA,NA,NA,NA,NA,NA,NA,NA,NA,NA,NA,NA,NA
"NA.1356",NA,NA,NA,NA,NA,NA,NA,NA,NA,NA,NA,NA,NA
"NA.1357",NA,NA,NA,NA,NA,NA,NA,NA,NA,NA,NA,NA,NA
"NA.1358",NA,NA,NA,NA,NA,NA,NA,NA,NA,NA,NA,NA,NA
"NA.1359",NA,NA,NA,NA,NA,NA,NA,NA,NA,NA,NA,NA,NA
"NA.1360",NA,NA,NA,NA,NA,NA,NA,NA,NA,NA,NA,NA,NA
"NA.1361",NA,NA,NA,NA,NA,NA,NA,NA,NA,NA,NA,NA,NA
"NA.1362",NA,NA,NA,NA,NA,NA,NA,NA,NA,NA,NA,NA,NA
"NA.1363",NA,NA,NA,NA,NA,NA,NA,NA,NA,NA,NA,NA,NA
"NA.1364",NA,NA,NA,NA,NA,NA,NA,NA,NA,NA,NA,NA,NA
"NA.1365",NA,NA,NA,NA,NA,NA,NA,NA,NA,NA,NA,NA,NA
"NA.1366",NA,NA,NA,NA,NA,NA,NA,NA,NA,NA,NA,NA,NA
"NA.1367",NA,NA,NA,NA,NA,NA,NA,NA,NA,NA,NA,NA,NA
"NA.1368",NA,NA,NA,NA,NA,NA,NA,NA,NA,NA,NA,NA,NA
"NA.1369",NA,NA,NA,NA,NA,NA,NA,NA,NA,NA,NA,NA,NA
"NA.1370",NA,NA,NA,NA,NA,NA,NA,NA,NA,NA,NA,NA,NA
"NA.1371",NA,NA,NA,NA,NA,NA,NA,NA,NA,NA,NA,NA,NA
"1566","@shvrxn Heard youuuuu","en",7,TRUE,23191,1163,16714,200,"Pacific Time (US & Canada)","US","Bronx, NY",40.8503475,-73.8494415
"NA.1372",NA,NA,NA,NA,NA,NA,NA,NA,NA,NA,NA,NA,NA
"NA.1373",NA,NA,NA,NA,NA,NA,NA,NA,NA,NA,NA,NA,NA
"NA.1374",NA,NA,NA,NA,NA,NA,NA,NA,NA,NA,NA,NA,NA
"1570","So who‚Äôs goin with me to get this hot coco from in n out when i get home?","en",3,TRUE,11147,194,11731,163,NA,"US","Manhattan, NY",40.780709,-73.9685415
"NA.1375",NA,NA,NA,NA,NA,NA,NA,NA,NA,NA,NA,NA,NA
"NA.1376",NA,NA,NA,NA,NA,NA,NA,NA,NA,NA,NA,NA,NA
"NA.1377",NA,NA,NA,NA,NA,NA,NA,NA,NA,NA,NA,NA,NA
"NA.1378",NA,NA,NA,NA,NA,NA,NA,NA,NA,NA,NA,NA,NA
"NA.1379",NA,NA,NA,NA,NA,NA,NA,NA,NA,NA,NA,NA,NA
"NA.1380",NA,NA,NA,NA,NA,NA,NA,NA,NA,NA,NA,NA,NA
"NA.1381",NA,NA,NA,NA,NA,NA,NA,NA,NA,NA,NA,NA,NA
"NA.1382",NA,NA,NA,NA,NA,NA,NA,NA,NA,NA,NA,NA,NA
"NA.1383",NA,NA,NA,NA,NA,NA,NA,NA,NA,NA,NA,NA,NA
"NA.1384",NA,NA,NA,NA,NA,NA,NA,NA,NA,NA,NA,NA,NA
"NA.1385",NA,NA,NA,NA,NA,NA,NA,NA,NA,NA,NA,NA,NA
"NA.1386",NA,NA,NA,NA,NA,NA,NA,NA,NA,NA,NA,NA,NA
"NA.1387",NA,NA,NA,NA,NA,NA,NA,NA,NA,NA,NA,NA,NA
"1585","@SenBobCorker    Voting yes on the tax bill.  You should be ashamed of yourself.  How hypocritical.   Do you have t‚Ä¶ https://t.co/L8ZhZDHdQ7","en",0,TRUE,3801,51,3064,328,NA,"US","Pelham Manor, NY",40.8929555,-73.805512
"NA.1388",NA,NA,NA,NA,NA,NA,NA,NA,NA,NA,NA,NA,NA
"NA.1389",NA,NA,NA,NA,NA,NA,NA,NA,NA,NA,NA,NA,NA
"NA.1390",NA,NA,NA,NA,NA,NA,NA,NA,NA,NA,NA,NA,NA
"NA.1391",NA,NA,NA,NA,NA,NA,NA,NA,NA,NA,NA,NA,NA
"NA.1392",NA,NA,NA,NA,NA,NA,NA,NA,NA,NA,NA,NA,NA
"NA.1393",NA,NA,NA,NA,NA,NA,NA,NA,NA,NA,NA,NA,NA
"NA.1394",NA,NA,NA,NA,NA,NA,NA,NA,NA,NA,NA,NA,NA
"NA.1395",NA,NA,NA,NA,NA,NA,NA,NA,NA,NA,NA,NA,NA
"NA.1396",NA,NA,NA,NA,NA,NA,NA,NA,NA,NA,NA,NA,NA
"NA.1397",NA,NA,NA,NA,NA,NA,NA,NA,NA,NA,NA,NA,NA
"NA.1398",NA,NA,NA,NA,NA,NA,NA,NA,NA,NA,NA,NA,NA
"NA.1399",NA,NA,NA,NA,NA,NA,NA,NA,NA,NA,NA,NA,NA
"NA.1400",NA,NA,NA,NA,NA,NA,NA,NA,NA,NA,NA,NA,NA
"NA.1401",NA,NA,NA,NA,NA,NA,NA,NA,NA,NA,NA,NA,NA
"NA.1402",NA,NA,NA,NA,NA,NA,NA,NA,NA,NA,NA,NA,NA
"NA.1403",NA,NA,NA,NA,NA,NA,NA,NA,NA,NA,NA,NA,NA
"NA.1404",NA,NA,NA,NA,NA,NA,NA,NA,NA,NA,NA,NA,NA
"NA.1405",NA,NA,NA,NA,NA,NA,NA,NA,NA,NA,NA,NA,NA
"NA.1406",NA,NA,NA,NA,NA,NA,NA,NA,NA,NA,NA,NA,NA
"NA.1407",NA,NA,NA,NA,NA,NA,NA,NA,NA,NA,NA,NA,NA
"NA.1408",NA,NA,NA,NA,NA,NA,NA,NA,NA,NA,NA,NA,NA
"NA.1409",NA,NA,NA,NA,NA,NA,NA,NA,NA,NA,NA,NA,NA
"NA.1410",NA,NA,NA,NA,NA,NA,NA,NA,NA,NA,NA,NA,NA
"NA.1411",NA,NA,NA,NA,NA,NA,NA,NA,NA,NA,NA,NA,NA
"NA.1412",NA,NA,NA,NA,NA,NA,NA,NA,NA,NA,NA,NA,NA
"NA.1413",NA,NA,NA,NA,NA,NA,NA,NA,NA,NA,NA,NA,NA
"1616","IM NOT FUCKING CRYING YALL ARE Ì†ΩÌ∏≠Ì†ΩÌπÅ https://t.co/HOMq6E8qa0","en",5,TRUE,42464,691,37442,73,"Central Time (US & Canada)","US","Glencoe, MN",44.769897,-94.149633
"NA.1414",NA,NA,NA,NA,NA,NA,NA,NA,NA,NA,NA,NA,NA
"NA.1415",NA,NA,NA,NA,NA,NA,NA,NA,NA,NA,NA,NA,NA
"NA.1416",NA,NA,NA,NA,NA,NA,NA,NA,NA,NA,NA,NA,NA
"NA.1417",NA,NA,NA,NA,NA,NA,NA,NA,NA,NA,NA,NA,NA
"1621","No days off till next week. (@ Cakor Restaurant in Bronx, NY) https://t.co/trP8id99dS","en",8,TRUE,13686,337,53,1020,"Pacific Time (US & Canada)","US","Bronx, NY",40.8503475,-73.8494415
"NA.1418",NA,NA,NA,NA,NA,NA,NA,NA,NA,NA,NA,NA,NA
"NA.1419",NA,NA,NA,NA,NA,NA,NA,NA,NA,NA,NA,NA,NA
"NA.1420",NA,NA,NA,NA,NA,NA,NA,NA,NA,NA,NA,NA,NA
"NA.1421",NA,NA,NA,NA,NA,NA,NA,NA,NA,NA,NA,NA,NA
"NA.1422",NA,NA,NA,NA,NA,NA,NA,NA,NA,NA,NA,NA,NA
"NA.1423",NA,NA,NA,NA,NA,NA,NA,NA,NA,NA,NA,NA,NA
"NA.1424",NA,NA,NA,NA,NA,NA,NA,NA,NA,NA,NA,NA,NA
"NA.1425",NA,NA,NA,NA,NA,NA,NA,NA,NA,NA,NA,NA,NA
"NA.1426",NA,NA,NA,NA,NA,NA,NA,NA,NA,NA,NA,NA,NA
"NA.1427",NA,NA,NA,NA,NA,NA,NA,NA,NA,NA,NA,NA,NA
"1632","Im tired of my mom calling me frail lmao","en",2,TRUE,3360,293,4686,1448,NA,"US","Queens, NY",40.6708795,-73.8311875
"NA.1428",NA,NA,NA,NA,NA,NA,NA,NA,NA,NA,NA,NA,NA
"NA.1429",NA,NA,NA,NA,NA,NA,NA,NA,NA,NA,NA,NA,NA
"NA.1430",NA,NA,NA,NA,NA,NA,NA,NA,NA,NA,NA,NA,NA
"NA.1431",NA,NA,NA,NA,NA,NA,NA,NA,NA,NA,NA,NA,NA
"NA.1432",NA,NA,NA,NA,NA,NA,NA,NA,NA,NA,NA,NA,NA
"NA.1433",NA,NA,NA,NA,NA,NA,NA,NA,NA,NA,NA,NA,NA
"NA.1434",NA,NA,NA,NA,NA,NA,NA,NA,NA,NA,NA,NA,NA
"NA.1435",NA,NA,NA,NA,NA,NA,NA,NA,NA,NA,NA,NA,NA
"NA.1436",NA,NA,NA,NA,NA,NA,NA,NA,NA,NA,NA,NA,NA
"NA.1437",NA,NA,NA,NA,NA,NA,NA,NA,NA,NA,NA,NA,NA
"NA.1438",NA,NA,NA,NA,NA,NA,NA,NA,NA,NA,NA,NA,NA
"NA.1439",NA,NA,NA,NA,NA,NA,NA,NA,NA,NA,NA,NA,NA
"NA.1440",NA,NA,NA,NA,NA,NA,NA,NA,NA,NA,NA,NA,NA
"1650","um Christmas is this weekend and I haven‚Äôt gotten a single person a gift yet so Ì†ΩÌπÇ","en",2,TRUE,68087,1291,39829,767,"Quito","US","Coloma, MI",42.1841765,-86.296356
"NA.1441",NA,NA,NA,NA,NA,NA,NA,NA,NA,NA,NA,NA,NA
"NA.1442",NA,NA,NA,NA,NA,NA,NA,NA,NA,NA,NA,NA,NA
"NA.1443",NA,NA,NA,NA,NA,NA,NA,NA,NA,NA,NA,NA,NA
"NA.1444",NA,NA,NA,NA,NA,NA,NA,NA,NA,NA,NA,NA,NA
"NA.1445",NA,NA,NA,NA,NA,NA,NA,NA,NA,NA,NA,NA,NA
"NA.1446",NA,NA,NA,NA,NA,NA,NA,NA,NA,NA,NA,NA,NA
"NA.1447",NA,NA,NA,NA,NA,NA,NA,NA,NA,NA,NA,NA,NA
"NA.1448",NA,NA,NA,NA,NA,NA,NA,NA,NA,NA,NA,NA,NA
"NA.1449",NA,NA,NA,NA,NA,NA,NA,NA,NA,NA,NA,NA,NA
"NA.1450",NA,NA,NA,NA,NA,NA,NA,NA,NA,NA,NA,NA,NA
"NA.1451",NA,NA,NA,NA,NA,NA,NA,NA,NA,NA,NA,NA,NA
"NA.1452",NA,NA,NA,NA,NA,NA,NA,NA,NA,NA,NA,NA,NA
"NA.1453",NA,NA,NA,NA,NA,NA,NA,NA,NA,NA,NA,NA,NA
"NA.1454",NA,NA,NA,NA,NA,NA,NA,NA,NA,NA,NA,NA,NA
"NA.1455",NA,NA,NA,NA,NA,NA,NA,NA,NA,NA,NA,NA,NA
"NA.1456",NA,NA,NA,NA,NA,NA,NA,NA,NA,NA,NA,NA,NA
"NA.1457",NA,NA,NA,NA,NA,NA,NA,NA,NA,NA,NA,NA,NA
"NA.1458",NA,NA,NA,NA,NA,NA,NA,NA,NA,NA,NA,NA,NA
"NA.1459",NA,NA,NA,NA,NA,NA,NA,NA,NA,NA,NA,NA,NA
"NA.1460",NA,NA,NA,NA,NA,NA,NA,NA,NA,NA,NA,NA,NA
"NA.1461",NA,NA,NA,NA,NA,NA,NA,NA,NA,NA,NA,NA,NA
"NA.1462",NA,NA,NA,NA,NA,NA,NA,NA,NA,NA,NA,NA,NA
"NA.1463",NA,NA,NA,NA,NA,NA,NA,NA,NA,NA,NA,NA,NA
"NA.1464",NA,NA,NA,NA,NA,NA,NA,NA,NA,NA,NA,NA,NA
"NA.1465",NA,NA,NA,NA,NA,NA,NA,NA,NA,NA,NA,NA,NA
"NA.1466",NA,NA,NA,NA,NA,NA,NA,NA,NA,NA,NA,NA,NA
"1680","oh my godÌ†ΩÌ∏∂Ì†ΩÌ∏≠Ì†ΩÌ∏±","en",2,TRUE,81,127,2276,164,NA,"US","Port Jefferson, NY",40.9498305,-73.060174
"NA.1467",NA,NA,NA,NA,NA,NA,NA,NA,NA,NA,NA,NA,NA
"NA.1468",NA,NA,NA,NA,NA,NA,NA,NA,NA,NA,NA,NA,NA
"NA.1469",NA,NA,NA,NA,NA,NA,NA,NA,NA,NA,NA,NA,NA
"NA.1470",NA,NA,NA,NA,NA,NA,NA,NA,NA,NA,NA,NA,NA
"NA.1471",NA,NA,NA,NA,NA,NA,NA,NA,NA,NA,NA,NA,NA
"NA.1472",NA,NA,NA,NA,NA,NA,NA,NA,NA,NA,NA,NA,NA
"NA.1473",NA,NA,NA,NA,NA,NA,NA,NA,NA,NA,NA,NA,NA
"1689","Ì†ΩÌ≤´B E L I E V EÌ†ΩÌ≤´ en Central Park https://t.co/Y52k3lliHE","en",1,TRUE,1975,420,40,258,"Eastern Time (US & Canada)","US","Manhattan, NY",40.780709,-73.9685415
"NA.1474",NA,NA,NA,NA,NA,NA,NA,NA,NA,NA,NA,NA,NA
"NA.1475",NA,NA,NA,NA,NA,NA,NA,NA,NA,NA,NA,NA,NA
"NA.1476",NA,NA,NA,NA,NA,NA,NA,NA,NA,NA,NA,NA,NA
"NA.1477",NA,NA,NA,NA,NA,NA,NA,NA,NA,NA,NA,NA,NA
"NA.1478",NA,NA,NA,NA,NA,NA,NA,NA,NA,NA,NA,NA,NA
"NA.1479",NA,NA,NA,NA,NA,NA,NA,NA,NA,NA,NA,NA,NA
"NA.1480",NA,NA,NA,NA,NA,NA,NA,NA,NA,NA,NA,NA,NA
"NA.1481",NA,NA,NA,NA,NA,NA,NA,NA,NA,NA,NA,NA,NA
"1698","RT this tweet for absolutely nothing","en",0,TRUE,1133,203,1238,297,NA,"US","New York, USA",42.746617,-75.770041
"1699","Recording the rest of Raw and heading to bed I‚Äôm just too tried from a 14 hour work day. Is it Christmas yet? At le‚Ä¶ https://t.co/K8y8PyG4ZA","en",16,TRUE,49378,455,47,1112,"Eastern Time (US & Canada)","US","Hauppauge, NY",40.823869,-73.210142
"NA.1482",NA,NA,NA,NA,NA,NA,NA,NA,NA,NA,NA,NA,NA
"NA.1483",NA,NA,NA,NA,NA,NA,NA,NA,NA,NA,NA,NA,NA
"1702","66-52 win at Pilot Grove tonight.  6-3 headed into Christmas break!","en",0,TRUE,1147,185,541,280,NA,"US","Missouri, USA",38.3045585,-92.4367735
"NA.1484",NA,NA,NA,NA,NA,NA,NA,NA,NA,NA,NA,NA,NA
"NA.1485",NA,NA,NA,NA,NA,NA,NA,NA,NA,NA,NA,NA,NA
"NA.1486",NA,NA,NA,NA,NA,NA,NA,NA,NA,NA,NA,NA,NA
"NA.1487",NA,NA,NA,NA,NA,NA,NA,NA,NA,NA,NA,NA,NA
"NA.1488",NA,NA,NA,NA,NA,NA,NA,NA,NA,NA,NA,NA,NA
"NA.1489",NA,NA,NA,NA,NA,NA,NA,NA,NA,NA,NA,NA,NA
"NA.1490",NA,NA,NA,NA,NA,NA,NA,NA,NA,NA,NA,NA,NA
"NA.1491",NA,NA,NA,NA,NA,NA,NA,NA,NA,NA,NA,NA,NA
"NA.1492",NA,NA,NA,NA,NA,NA,NA,NA,NA,NA,NA,NA,NA
"1713","Annual Christmas sing along Ì†ºÌæ∂ @EdneyvilleK5 #WeareEdneyville","en",0,TRUE,171,82,252,93,NA,"US","North Carolina, USA",35.1704985,-79.861034
"NA.1493",NA,NA,NA,NA,NA,NA,NA,NA,NA,NA,NA,NA,NA
"1715","UHHH MUUHHHH GAWD YAAAASSSSS Merry Christmas to me... @katyperry in January in Little Rock... YAAAAAAASSSSSSSSSSSSS‚Ä¶ https://t.co/HFmYXzvfD2","en",7,TRUE,13066,592,15638,672,"America/Chicago","US","Arkansas, USA",34.7519365,-92.131274
"NA.1494",NA,NA,NA,NA,NA,NA,NA,NA,NA,NA,NA,NA,NA
"1717","niggas bout to see the ghost of christmas past https://t.co/Vc0o4ZmPd4","en",14,TRUE,36834,1860,32452,699,"Eastern Time (US & Canada)","US","Newington, VA",38.7333255,-77.205056
"NA.1495",NA,NA,NA,NA,NA,NA,NA,NA,NA,NA,NA,NA,NA
"NA.1496",NA,NA,NA,NA,NA,NA,NA,NA,NA,NA,NA,NA,NA
"NA.1497",NA,NA,NA,NA,NA,NA,NA,NA,NA,NA,NA,NA,NA
"NA.1498",NA,NA,NA,NA,NA,NA,NA,NA,NA,NA,NA,NA,NA
"NA.1499",NA,NA,NA,NA,NA,NA,NA,NA,NA,NA,NA,NA,NA
"1725","MOST OF THEM WERE ME YEAH JSKSJS I LOVE YOU LEGEND https://t.co/uhCNXZpr5z","en",58,TRUE,59080,2277,18056,63,"Eastern Time (US & Canada)","US","West Babylon, NY",40.705082,-73.362771
"NA.1500",NA,NA,NA,NA,NA,NA,NA,NA,NA,NA,NA,NA,NA
"NA.1501",NA,NA,NA,NA,NA,NA,NA,NA,NA,NA,NA,NA,NA
"NA.1502",NA,NA,NA,NA,NA,NA,NA,NA,NA,NA,NA,NA,NA
"NA.1503",NA,NA,NA,NA,NA,NA,NA,NA,NA,NA,NA,NA,NA
"NA.1504",NA,NA,NA,NA,NA,NA,NA,NA,NA,NA,NA,NA,NA
"NA.1505",NA,NA,NA,NA,NA,NA,NA,NA,NA,NA,NA,NA,NA
"NA.1506",NA,NA,NA,NA,NA,NA,NA,NA,NA,NA,NA,NA,NA
"NA.1507",NA,NA,NA,NA,NA,NA,NA,NA,NA,NA,NA,NA,NA
"NA.1508",NA,NA,NA,NA,NA,NA,NA,NA,NA,NA,NA,NA,NA
"NA.1509",NA,NA,NA,NA,NA,NA,NA,NA,NA,NA,NA,NA,NA
"NA.1510",NA,NA,NA,NA,NA,NA,NA,NA,NA,NA,NA,NA,NA
"NA.1511",NA,NA,NA,NA,NA,NA,NA,NA,NA,NA,NA,NA,NA
"NA.1512",NA,NA,NA,NA,NA,NA,NA,NA,NA,NA,NA,NA,NA
"NA.1513",NA,NA,NA,NA,NA,NA,NA,NA,NA,NA,NA,NA,NA
"NA.1514",NA,NA,NA,NA,NA,NA,NA,NA,NA,NA,NA,NA,NA
"NA.1515",NA,NA,NA,NA,NA,NA,NA,NA,NA,NA,NA,NA,NA
"NA.1516",NA,NA,NA,NA,NA,NA,NA,NA,NA,NA,NA,NA,NA
"NA.1517",NA,NA,NA,NA,NA,NA,NA,NA,NA,NA,NA,NA,NA
"1747","All I want for Christmas is for @PostMalone to drop his new album and also ask me on a date tomorrow","en",1,TRUE,39776,1746,17178,711,NA,"US","Kewanee, IL",41.239029,-89.9214505
"NA.1518",NA,NA,NA,NA,NA,NA,NA,NA,NA,NA,NA,NA,NA
"NA.1519",NA,NA,NA,NA,NA,NA,NA,NA,NA,NA,NA,NA,NA
"NA.1520",NA,NA,NA,NA,NA,NA,NA,NA,NA,NA,NA,NA,NA
"NA.1521",NA,NA,NA,NA,NA,NA,NA,NA,NA,NA,NA,NA,NA
"NA.1522",NA,NA,NA,NA,NA,NA,NA,NA,NA,NA,NA,NA,NA
"NA.1523",NA,NA,NA,NA,NA,NA,NA,NA,NA,NA,NA,NA,NA
"NA.1524",NA,NA,NA,NA,NA,NA,NA,NA,NA,NA,NA,NA,NA
"NA.1525",NA,NA,NA,NA,NA,NA,NA,NA,NA,NA,NA,NA,NA
"NA.1526",NA,NA,NA,NA,NA,NA,NA,NA,NA,NA,NA,NA,NA
"NA.1527",NA,NA,NA,NA,NA,NA,NA,NA,NA,NA,NA,NA,NA
"1759","Oh how I‚Äôve missed you, New York. https://t.co/TnDqLUKwnk","en",20,TRUE,2209,1348,4903,387,"Pacific Time (US & Canada)","US","Manhattan, NY",40.780709,-73.9685415
"NA.1528",NA,NA,NA,NA,NA,NA,NA,NA,NA,NA,NA,NA,NA
"NA.1529",NA,NA,NA,NA,NA,NA,NA,NA,NA,NA,NA,NA,NA
"NA.1530",NA,NA,NA,NA,NA,NA,NA,NA,NA,NA,NA,NA,NA
"NA.1531",NA,NA,NA,NA,NA,NA,NA,NA,NA,NA,NA,NA,NA
"NA.1532",NA,NA,NA,NA,NA,NA,NA,NA,NA,NA,NA,NA,NA
"NA.1533",NA,NA,NA,NA,NA,NA,NA,NA,NA,NA,NA,NA,NA
"1766","‚ÄúWhat was I for Halloween?‚Äù Drunk. 

‚ÄúWhat am I getting for Christmas?‚Äù Drunk. 

‚ÄúWhat do you want for your birthda‚Ä¶ https://t.co/o647Hf99Yh","en",4,TRUE,49984,1169,53553,1366,"Hawaii","US","Valley Center, KS",37.8247165,-97.371878
"NA.1534",NA,NA,NA,NA,NA,NA,NA,NA,NA,NA,NA,NA,NA
"NA.1535",NA,NA,NA,NA,NA,NA,NA,NA,NA,NA,NA,NA,NA
"NA.1536",NA,NA,NA,NA,NA,NA,NA,NA,NA,NA,NA,NA,NA
"NA.1537",NA,NA,NA,NA,NA,NA,NA,NA,NA,NA,NA,NA,NA
"NA.1538",NA,NA,NA,NA,NA,NA,NA,NA,NA,NA,NA,NA,NA
"NA.1539",NA,NA,NA,NA,NA,NA,NA,NA,NA,NA,NA,NA,NA
"NA.1540",NA,NA,NA,NA,NA,NA,NA,NA,NA,NA,NA,NA,NA
"NA.1541",NA,NA,NA,NA,NA,NA,NA,NA,NA,NA,NA,NA,NA
"NA.1542",NA,NA,NA,NA,NA,NA,NA,NA,NA,NA,NA,NA,NA
"NA.1543",NA,NA,NA,NA,NA,NA,NA,NA,NA,NA,NA,NA,NA
"NA.1544",NA,NA,NA,NA,NA,NA,NA,NA,NA,NA,NA,NA,NA
"NA.1545",NA,NA,NA,NA,NA,NA,NA,NA,NA,NA,NA,NA,NA
"NA.1546",NA,NA,NA,NA,NA,NA,NA,NA,NA,NA,NA,NA,NA
"NA.1547",NA,NA,NA,NA,NA,NA,NA,NA,NA,NA,NA,NA,NA
"NA.1548",NA,NA,NA,NA,NA,NA,NA,NA,NA,NA,NA,NA,NA
"NA.1549",NA,NA,NA,NA,NA,NA,NA,NA,NA,NA,NA,NA,NA
"NA.1550",NA,NA,NA,NA,NA,NA,NA,NA,NA,NA,NA,NA,NA
"NA.1551",NA,NA,NA,NA,NA,NA,NA,NA,NA,NA,NA,NA,NA
"NA.1552",NA,NA,NA,NA,NA,NA,NA,NA,NA,NA,NA,NA,NA
"NA.1553",NA,NA,NA,NA,NA,NA,NA,NA,NA,NA,NA,NA,NA
